TS,PD1,PD2,PD3,PD4,PD5,PD6,Target
1618593464649,0.01,0,0.67,0.56,0,0.65,1
1618593469673,0.01,0,0.69,0.54,0,0.62,1
1618593474678,0.01,0,0.69,0.54,0,0.62,1
1618593479683,0.01,0,0.73,0.52,0,0.6,1
1618593484690,0.01,0,0.73,0.52,0,0.6,1
1618593489694,0.01,0,0.74,0.56,0,0.58,1
1618593494702,0.01,0,0.74,0.56,0,0.58,1
1618593499706,0.01,0,0.77,0.58,0,0.55,1
1618593504711,0.01,0,0.77,0.58,0,0.55,1
1618593509718,0.01,0,0.79,0.52,0,0.55,1
1618593514722,0.01,0,0.79,0.52,0,0.52,1
1618593519726,0.01,0,0.82,0.52,0,0.52,1
1618593524731,0.01,0,0.82,0.52,0,0.5,1
1618593529736,0.01,0,0.82,0.53,0,0.5,1
1618593534741,0.01,0,0.85,0.53,0,0.47,1
1618593539752,0.01,0,0.85,0.51,0,0.47,1
1618593544759,0.01,0,0.87,0.51,0,0.45,1
1618593549764,0.01,0,0.87,0.51,0,0.45,1
1618593554772,0.01,0,0.9,0.5,0,0.42,1
1618593559780,0.01,0,0.9,0.5,0,0.42,1
1618593564786,0.01,0,0.92,0.47,0,0.39,1
1618593569794,0.01,0,0.92,0.47,0,0.39,1
1618593574802,0.01,0,0.95,0.45,0,0.36,1
1618593579807,0.02,0,0.95,0.45,0,0.36,1
1618593584815,0.02,0,0.98,0.46,0,0.33,1
1618593589828,0.02,0,0.98,0.46,0,0.33,1
1618593594841,0.02,0,1,0.43,0,0.33,1
1618593599852,0.02,0,1,0.43,0,0.31,1
1618593604865,0.02,0,1.02,0.4,0,0.31,1
1618593609882,0.02,0,1.02,0.4,0,0.28,1
1618593614892,0.02,0,1.02,0.41,0,0.28,1
1618593619896,0.02,0,1.04,0.41,0,0.25,1
1618593624900,0.02,0,1.04,0.4,0,0.25,1
1618593629912,0.02,0.01,1.06,0.4,0,0.22,1
1618593634921,0.02,0.01,1.06,0.4,0,0.22,1
1618593639932,0.02,0,1.08,0.37,0,0.19,1
1618593644941,0.02,0,1.08,0.37,0,0.19,1
1618593649951,0.02,0,1.1,0.34,0,0.16,1
1618593654962,0.02,0,1.1,0.34,0,0.16,1
1618593659971,0.02,0.01,1.11,0.32,0,0.12,1
1618593664998,0.02,0.01,1.11,0.32,0,0.12,1
1618593670020,0.02,0.01,1.13,0.29,0,0,1
1618593675024,0.02,0.01,1.13,0.29,0,0,1
1618593680028,0.02,0.01,1.14,0.26,0,0,1
1618593685033,0.03,0.01,1.14,0.26,0,0,1
1618593690040,0.03,0.01,1.15,0.25,0,0,1
1618593695044,0.03,0,1.15,0.25,0,0,1
1618593700049,0.03,0,1.15,0.24,0,0,1
1618593705054,0.03,0.01,1.16,0.24,0,0,1
1618593710059,0.03,0.01,1.16,0.23,0,0,1
1618593715064,0.03,0.01,1.16,0.23,0,0,1
1618593720072,0.03,0.01,1.16,0.23,0,0,1
1618593725079,0.03,0,1.16,0.23,0,0,1
1618593730087,0.03,0,1.16,0.23,0,0,1
1618593735091,0.05,0.01,1.14,0.22,0,0,1
1618593740095,0.05,0.01,1.14,0.22,0,0,1
1618593745099,0.05,0.01,1.16,0.22,0,0,1
1618593750103,0.07,0.01,1.16,0.22,0,0,1
1618593755112,0.07,0.01,1.15,0.21,0,0,1
1618593760119,0.09,0.01,1.15,0.21,0,0,1
1618593765131,0.09,0.01,1.15,0.22,0,0,1
1618593770141,0.11,0.01,1.14,0.22,0,0,1
1618593775152,0.11,0.01,1.14,0.22,0,0,1
1618593780162,0.12,0.01,1.13,0.22,0,0,1
1618593785173,0.12,0.01,1.13,0.22,0,0,1
1618593790179,0.14,0.01,1.11,0.22,0,0,1
1618593795195,0.14,0.01,1.11,0.22,0,0,1
1618593800199,0.17,0.01,1.1,0.24,0,0,1
1618593805203,0.17,0.01,1.1,0.24,0,0,1
1618593810212,0.19,0.01,1.07,0.24,0,0,1
1618593815221,0.19,0.01,1.07,0.24,0,0,1
1618593820231,0.22,0.01,1.07,0.25,0,0,1
1618593825242,0.22,0.01,1.07,0.25,0,0,1
1618593830253,0.24,0,1.06,0.27,0,0,1
1618593835259,0.24,0,1.06,0.27,0,0,1
1618593840293,0.24,0,1.04,0.28,0,0,1
1618593845548,0.27,0.01,1.04,0.28,0,0,1
1618593850557,0.29,0.01,1.02,0.31,0,0,1
1618593855568,0.29,0.01,1.02,0.31,0,0,1
1618593860574,0.32,0.01,1.02,0.32,0,0,1
1618593865577,0.32,0.01,1,0.32,0,0,1
1618593870582,0.34,0.01,1,0.35,0,0,1
1618593875592,0.34,0,0.98,0.35,0,0,1
1618593880600,0.37,0,0.98,0.35,0,0,1
1618593885612,0.37,0,0.96,0.34,0,0,1
1618593890621,0.39,0,0.96,0.34,0,0,1
1618593895626,0.39,0.01,0.94,0.36,0,0,1
1618593900641,0.39,0.01,0.94,0.36,0,0,1
1618593905652,0.42,0,0.92,0.36,0,0,1
1618593910662,0.42,0,0.92,0.36,0,0,1
1618593915673,0.45,0.01,0.91,0.36,0,0,1
1618593920677,0.45,0.01,0.91,0.36,0,0,1
1618593925681,0.46,0.01,0.89,0.38,0,0,1
1618593930687,0.46,0.01,0.89,0.38,0,0,1
1618593935714,0.46,0.01,0.86,0.41,0,0,1
1618593940735,0.49,0,0.86,0.41,0,0,1
1618593945739,0.51,0,0.86,0.39,0,0,1
1618593950743,0.51,0,0.85,0.39,0,0,1
1618593955746,0.54,0,0.85,0.4,0,0,1
1618593960750,0.54,0,0.83,0.4,0,0,1
1618593965755,0.55,0,0.83,0.4,0,0,1
1618593970758,0.55,0,0.81,0.41,0,0,1
1618593975762,0.58,0,0.81,0.41,0,0,1
1618593980766,0.58,0,0.79,0.41,0,0,1
1618593985770,0.58,0,0.79,0.41,0,0,1
1618593990774,0.6,0.01,0.76,0.36,0,0,1
1618593995779,0.6,0.01,0.76,0.36,0,0,1
1618594000785,0.62,0,0.75,0.37,0,0,1
1618594005789,0.62,0,0.75,0.37,0,0,1
1618594010793,0.64,0,0.74,0.41,0,0,1
1618594015796,0.64,0,0.74,0.41,0,0,1
1618594020800,0.66,0,0.72,0.41,0,0,1
1618594025805,0.66,0,0.72,0.41,0,0,1
1618594030812,0.67,0,0.71,0.42,0,0,1
1618594035816,0.67,0,0.71,0.42,0,0,1
1618594040820,0.69,0,0.71,0.42,0,0,1
1618594045823,0.69,0,0.69,0.42,0,0,1
1618594050831,0.71,0,0.69,0.42,0,0,1
1618594055841,0.71,0,0.67,0.42,0,0,1
1618594060852,0.72,0,0.67,0.42,0,0,1
1618594065868,0.72,0,0.66,0.4,0,0,1
1618594070888,0.75,0,0.66,0.4,0,0,1
1618594075895,0.75,0,0.64,0.34,0,0,1
1618594080905,0.75,0.01,0.64,0.34,0,0,1
1618594085921,0.76,0.01,0.64,0.39,0,0,1
1618594090929,0.76,0.01,0.64,0.39,0,0,1
1618594095933,0.78,0,0.63,0.39,0,0,1
1618594100937,0.78,0,0.63,0.39,0,0,1
1618594105944,0.79,0.01,0.62,0.37,0,0,1
1618594110956,0.79,0.01,0.62,0.37,0,0,1
1618594115960,0.8,0,0.61,0.37,0,0,1
1618594120981,0.8,0,0.61,0.37,0,0,1
1618594125985,0.81,0.01,0.61,0.36,0,0,1
1618594130989,0.81,0.01,0.59,0.36,0,0,1
1618594135995,0.83,0.01,0.59,0.36,0,0,1
1618594141004,0.83,0.01,0.59,0.36,0,0,1
1618594146029,0.83,0.01,0.59,0.36,0,0,1
1618594151034,0.83,0.01,0.58,0.37,0,0,1
1618594156039,0.85,0.01,0.58,0.37,0,0,1
1618594161057,0.85,0.01,0.57,0.36,0,0,1
1618594166061,0.85,0.01,0.57,0.36,0,0,1
1618594171065,0.86,0.01,0.57,0.35,0,0,1
1618594176068,0.86,0.01,0.57,0.35,0,0,1
1618594181092,0.86,0.01,0.57,0.35,0,0,1
1618594186096,0.86,0.01,0.57,0.35,0,0,1
1618594191099,0.88,0.01,0.56,0.33,0,0,1
1618594196103,0.88,0.01,0.56,0.33,0,0,1
1618594201106,0.88,0.01,0.56,0.32,0,0,1
1618594206110,0.88,0.01,0.56,0.32,0,0,1
1618594211115,0.89,0.01,0.56,0.31,0,0,1
1618594216119,0.89,0.01,0.56,0.31,0,0,1
1618594221134,0.89,0.01,0.56,0.3,0,0,1
1618594226138,0.89,0.01,0.56,0.3,0,0,1
1618594231143,0.89,0.01,0.56,0.3,0,0,1
1618594236150,0.89,0.01,0.56,0.27,0,0,1
1618594241153,0.89,0.01,0.56,0.27,0,0,1
1618594246161,0.89,0.01,0.56,0.26,0,0,1
1618594251171,0.89,0.01,0.56,0.26,0,0,1
1618594256179,0.9,0.01,0.5,0.26,0,0,1
1618594261183,0.9,0.01,0.5,0.26,0,0,1
1618594266187,0.89,0.01,0.33,0.25,0,0,1
1618594271191,0.89,0.01,0.33,0.25,0,0,1
1618594276199,0.89,0.01,0.28,0.24,0,0,1
1618594281213,0.89,0.01,0.28,0.24,0,0,1
1618594286225,0.89,0.01,0.52,0.23,0,0,1
1618594291229,0.89,0.01,0.52,0.23,0,0,1
1618594296234,0.89,0.01,0.52,0.23,0,0,1
1618594301238,0.89,0.01,0.58,0.23,0,0,1
1618594306251,0.88,0.02,0.58,0.22,0,0,1
1618594311261,0.88,0.02,0.59,0.22,0,0,1
1618594316274,0.88,0.02,0.59,0.22,0,0,1
1618594321278,0.88,0.02,0.59,0.2,0,0,1
1618594326284,0.88,0.02,0.59,0.2,0,0,1
1618594331290,0.88,0.02,0.6,0.2,0,0,1
1618594336301,0.88,0.02,0.6,0.2,0,0,1
1618594341305,0.87,0.02,0.61,0.19,0,0,1
1618594346312,0.87,0.02,0.61,0.19,0,0,1
1618594351324,0.87,0.02,0.62,0.2,0,0,1
1618594356332,0.87,0.02,0.62,0.2,0,0,1
1618594361373,0.86,0.02,0.63,0.17,0,0,1
1618594366377,0.86,0.02,0.63,0.17,0,0,1
1618594371383,0.85,0.02,0.64,0.16,0,0,1
1618594376400,0.85,0.02,0.64,0.16,0,0,1
1618594381412,0.84,0.02,0.64,0.15,0,0,1
1618594386416,0.84,0.02,0.65,0.15,0,0,1
1618594391423,0.83,0.02,0.65,0.14,0,0,1
1618594396428,0.83,0.02,0.66,0.14,0,0,1
1618594401438,0.81,0.02,0.66,0.14,0,0,1
1618594406442,0.81,0.02,0.67,0.14,0,0,1
1618594411446,0.8,0.02,0.67,0.14,0,0,1
1618594416464,0.8,0.02,0.69,0.14,0,0,1
1618594421471,0.8,0.02,0.69,0.14,0,0,1
1618594426481,0.79,0.02,0.7,0.13,0,0,1
1618594431488,0.79,0.02,0.7,0.13,0,0,1
1618594436502,0.78,0.02,0.71,0.13,0,0,1
1618594441543,0.78,0.02,0.73,0.13,0,0,1
1618594446562,0.76,0.02,0.73,0.13,0,0,1
1618594451571,0.76,0.02,0.73,0.13,0,0,1
1618594456582,0.74,0.02,0.74,0.13,0,0,1
1618594461608,0.74,0.02,0.74,0.13,0,0,1
1618594466617,0.73,0.02,0.75,0.13,0,0,1
1618594471622,0.73,0.02,0.75,0.13,0,0,1
1618594476631,0.71,0.02,0.77,0.13,0,0,1
1618594481635,0.71,0.02,0.77,0.13,0,0,1
1618594486639,0.69,0.02,0.78,0.13,0,0,1
1618594491642,0.69,0.02,0.78,0.13,0,0,1
1618594496646,0.68,0.02,0.8,0.13,0,0,1
1618594501650,0.68,0.02,0.8,0.13,0,0,1
1618594506653,0.68,0.02,0.81,0.13,0,0,1
1618594511657,0.66,0.02,0.81,0.13,0,0,1
1618594516661,0.66,0.02,0.83,0.13,0,0,1
1618594521664,0.64,0.02,0.83,0.13,0,0,1
1618594526668,0.64,0.02,0.84,0.13,0,0,1
1618594531674,0.62,0.02,0.84,0.14,0,0,1
1618594536677,0.62,0.02,0.84,0.14,0,0,1
1618594541681,0.61,0.02,0.85,0.15,0,0,1
1618594546685,0.61,0.02,0.85,0.15,0,0,1
1618594551688,0.6,0.02,0.32,0.16,0,0,1
1618594556692,0.6,0.02,0.32,0.16,0,0,1
1618594561701,0.58,0.02,0.82,0.18,0,0,1
1618594566708,0.58,0.02,0.82,0.18,0,0,1
1618594571711,0.56,0.02,0.89,0.18,0,0,1
1618594576715,0.56,0.02,0.89,0.21,0,0,1
1618594581719,0.55,0.01,0.89,0.21,0,0,1
1618594586722,0.55,0.01,0.89,0.23,0,0,1
1618594591726,0.55,0.01,0.9,0.23,0,0,1
1618594596731,0.53,0.01,0.9,0.26,0,0,1
1618594601734,0.53,0.01,0.9,0.26,0,0,1
1618594606738,0.52,0.01,0.9,0.28,0,0,1
1618594611742,0.52,0.01,0.9,0.28,0,0,1
1618594616746,0.5,0.01,0.9,0.32,0,0,1
1618594621749,0.5,0.01,0.9,0.32,0,0,1
1618594626759,0.49,0.01,0.9,0.35,0,0,1
1618594631763,0.49,0.01,0.9,0.35,0,0,1
1618594636767,0.48,0.01,0.89,0.39,0,0,1
1618594641771,0.48,0.01,0.89,0.39,0,0,1
1618594646775,0.47,0.01,0.88,0.42,0,0,1
1618594651778,0.47,0.01,0.88,0.42,0,0,1
1618594656784,0.45,0,0.87,0.42,0,0,1
1618594661788,0.45,0,0.87,0.47,0,0,1
1618594666792,0.44,0,0.85,0.47,0,0,1
1618594671796,0.44,0,0.85,0.54,0,0,1
1618594676799,0.44,0,0.85,0.54,0,0,1
1618594681815,0.43,0,0.85,0.51,0,0,1
1618594686828,0.43,0,0.84,0.51,0,0,1
1618594692027,0.42,0,0.84,0.54,0,0,1
1618594697031,0.42,0,0.82,0.54,0,0,1
1618594702034,0.42,0,0.82,0.6,0,0,1
1618594707037,0.42,0,0.8,0.6,0,0,1
1618594712041,0.41,0,0.8,0.64,0,0,1
1618594717046,0.41,0,0.8,0.64,0,0,1
1618594722049,0.41,0,0.77,0.66,0,0,1
1618594727053,0.41,0,0.77,0.66,0,0,1
1618594732056,0.4,0,0.74,0.8,0,0,1
1618594737059,0.4,0,0.74,0.8,0,0,1
1618594742063,0.39,0,0.71,0.8,0,0,1
1618594747066,0.39,0,0.71,0.81,0,0,1
1618594752069,0.39,0,0.67,0.81,0,0,1
1618594757073,0.39,0,0.67,0.89,0,0,1
1618594762077,0.39,0,0.64,0.89,0,0,1
1618594767080,0.39,0,0.64,0.92,0,0,1
1618594772083,0.39,0,0.6,0.92,0,0,1
1618594777087,0.39,0,0.6,0.96,0,0,1
1618594782090,0.39,0,0.57,0.96,0,0,1
1618594787094,0.39,0,0.57,1.04,0,0,1
1618594792097,0.39,0,0.54,1.04,0,0,1
1618594797101,0.39,0,0.54,0.87,0,0,1
1618594802104,0.39,0,0.54,0.87,0,0,1
1618594807112,0.39,0,0.5,0.95,0,0,1
1618594812118,0.39,0,0.5,0.95,0,0,1
1618594817122,0.4,0,0.48,0.93,0,0,1
1618594822129,0.4,0,0.48,0.93,0,0,1
1618594827143,0.4,0,0.44,1.2,0,0,1
1618594832172,0.4,0,0.44,1.2,0,0,1
1618594837199,0.41,0,0.41,0.87,0,0,1
1618594842206,0.41,0,0.41,0.87,0,0,1
1618594847211,0.41,0,0.38,0.95,0,0,1
1618594852215,0.42,0,0.38,0.95,0,0,1
1618594857218,0.42,0,0.35,1,0,0,1
1618594862224,0.42,0,0.35,1,0,0,1
1618594867227,0.42,0,0.33,0.89,0,0,1
1618594872234,0.43,0,0.33,0.89,0,0,1
1618594877239,0.43,0,0.3,0.96,0,0,1
1618594882252,0.44,0,0.3,0.96,0,0,1
1618594887261,0.44,0,0.3,0.87,0,0,1
1618594892271,0.45,0,0.27,0.87,0,0,1
1618594897282,0.45,0,0.27,0.88,0,0,1
1618594902286,0.46,0,0.25,0.88,0,0,1
1618594907291,0.46,0,0.25,0.88,0,0,1
1618594912294,0.47,0,0.23,0.86,0,0,1
1618594917301,0.47,0,0.23,0.86,0,0,1
1618594922305,0.49,0,0.2,0.86,0,0,1
1618594927312,0.49,0,0.2,0.86,0,0,1
1618594932315,0.49,0,0.18,0.86,0,0,1
1618594937319,0.5,0,0.18,0.86,0,0,1
1618594942323,0.5,0,0.17,0.86,0,0,1
1618594947326,0.51,0,0.17,0.86,0,0,1
1618594952335,0.51,0,0.15,0.85,0,0,1
1618594957341,0.52,0,0.15,0.85,0,0,1
1618594962345,0.52,0,0.14,0.81,0,0,1
1618594967350,0.54,0,0.14,0.81,0,0,1
1618594972353,0.54,0,0.14,0.84,0,0,1
1618594977357,0.55,0,0.13,0.84,0,0,1
1618594982361,0.55,0,0.13,0.83,0,0,1
1618594987365,0.56,0,0.11,0.83,0,0,1
1618594992368,0.56,0,0.11,0.83,0,0,1
1618594997372,0.57,0,0.1,0.83,0,0,1
1618595002375,0.57,0,0.1,0.83,0,0,1
1618595007379,0.6,0,0.09,0.81,0,0,1
1618595012382,0.6,0,0.09,0.81,0,0,1
1618595017386,0.6,0,0.08,0.8,0,0,1
1618595022389,0.61,0,0.08,0.8,0,0,1
1618595027392,0.61,0,0.07,0.78,0,0,1
1618595032397,0.62,0,0.07,0.78,0,0,1
1618595037404,0.62,0,0.06,0.76,0,0,1
1618595042408,0.64,0,0.06,0.76,0,0,1
1618595047413,0.64,0,0.06,0.76,0,0,1
1618595052421,0.66,0,0.06,0.76,0,0,1
1618595057425,0.66,0,0.06,0.76,0,0,1
1618595062428,0.67,0,0.05,0.76,0,0,1
1618595067432,0.67,0,0.05,0.74,0,0,1
1618595072435,0.69,0,0.05,0.74,0,0,1
1618595077441,0.69,0,0.05,0.74,0,0,1
1618595082444,0.7,0,0.05,0.73,0,0,1
1618595087448,0.7,0,0.05,0.73,0,0,1
1618595092455,0.72,0,0.04,0.72,0,0,1
1618595097463,0.72,0,0.04,0.72,0,0,1
1618595102468,0.72,0,0.04,0.71,0,0,1
1618595107475,0.74,0,0.04,0.71,0,0,1
1618595112479,0.74,0,0.04,0.7,0,0,1
1618595117491,0.75,0,0.04,0.7,0,0,1
1618595122502,0.75,0,0.04,0.68,0,0,1
1618595127511,0.76,0,0.04,0.68,0,0,1
1618595132522,0.76,0,0.04,0.67,0,0,1
1618595137532,0.78,0,0.04,0.67,0,0,1
1618595142535,0.78,0,0.04,0.66,0,0,1
1618595147539,0.79,0,0.04,0.66,0,0,1
1618595152544,0.79,0,0.04,0.67,0.01,0,1
1618595157547,0.8,0,0.04,0.67,0.01,0,1
1618595162551,0.8,0,0.04,0.67,0.01,0,1
1618595167559,0.81,0,0.04,0.64,0.01,0,1
1618595172567,0.81,0,0.04,0.64,0.01,0,1
1618595177571,0.84,0,0.04,0.62,0.01,0,1
1618595182575,0.84,0,0.04,0.62,0.01,0,1
1618595187578,0.84,0,0.04,0.59,0.01,0,1
1618595192582,0.85,0,0.04,0.59,0.01,0,1
1618595197586,0.85,0,0.04,0.58,0.01,0,1
1618595202589,0.86,0,0.04,0.58,0.01,0,1
1618595207593,0.86,0,0.04,0.6,0,0,1
1618595212596,0.88,0,0.04,0.6,0,0,1
1618595217601,0.88,0,0.04,0.57,0,0,1
1618595222604,0.88,0,0.04,0.57,0,0,1
1618595227610,0.88,0,0.04,0.56,0,0,1
1618595232613,0.9,0,0.05,0.56,0,0,1
1618595237616,0.9,0,0.05,0.55,0,0,1
1618595242621,0.91,0,0.05,0.55,0,0,1
1618595247629,0.91,0,0.05,0.55,0,0,1
1618595252640,0.92,0,0.05,0.54,0,0,1
1618595257646,0.92,0,0.05,0.54,0,0,1
1618595262654,0.94,0,0.05,0.52,0,0,1
1618595267657,0.94,0,0.05,0.52,0,0,1
1618595272661,0.94,0,0.05,0.51,0,0,1
1618595277664,0.95,0,0.05,0.51,0,0,1
1618595282668,0.95,0,0.06,0.5,0,0,1
1618595287672,0.96,0,0.06,0.5,0,0,1
1618595292675,0.96,0,0.06,0.48,0,0,1
1618595297678,0.98,0,0.06,0.48,0,0,1
1618595302682,0.98,0,0.07,0.46,0,0,1
1618595307685,0.99,0,0.07,0.46,0,0,1
1618595312689,0.99,0,0.07,0.46,0,0,1
1618595317692,1,0,0.07,0.46,0,0,1
1618595322696,1,0,0.07,0.44,0,0,1
1618595327699,1.01,0,0.07,0.44,0,0,1
1618595332707,1.01,0,0.07,0.44,0,0,1
1618595337717,1.03,0,0.07,0.43,0,0,1
1618595342721,1.03,0,0.07,0.43,0,0,1
1618595347726,1.03,0,0.08,0.41,0,0,1
1618595352731,1.03,0,0.08,0.41,0,0,1
1618595357735,1.03,0,0.09,0.4,0,0,1
1618595362738,1.06,0,0.09,0.4,0,0,1
1618595367742,1.06,0,0.09,0.39,0,0,1
1618595372745,1.07,0,0.09,0.39,0,0,1
1618595377759,1.07,0,0.1,0.35,0,0,1
1618595382764,1.08,0,0.1,0.35,0,0,1
1618595387773,1.08,0,0.11,0.36,0,0,1
1618595392779,1.09,0,0.11,0.36,0,0,1
1618595397785,1.09,0,0.11,0.34,0,0,1
1618595402788,1.1,0,0.12,0.34,0,0,1
1618595407796,1.1,0,0.12,0.32,0,0,1
1618595412800,1.11,0,0.13,0.32,0,0,1
1618595417804,1.11,0,0.13,0.32,0,0,1
1618595422814,1.12,0,0.14,0.31,0,0,1
1618595427819,1.12,0,0.14,0.31,0,0,1
1618595432835,1.14,0,0.14,0.29,0,0,1
1618595437838,1.14,0,0.14,0.29,0,0,1
1618595442853,1.14,0,0.15,0.26,0,0,1
1618595447861,1.15,0,0.15,0.26,0,0,1
1618595452865,1.15,0,0.15,0.25,0,0,1
1618595457868,1.16,0,0.15,0.25,0,0,1
1618595462872,1.16,0,0.17,0.2,0,0,1
1618595467875,1.17,0,0.17,0.2,0,0,1
1618595472880,1.17,0,0.14,0.21,0,0,1
1618595477884,1.2,0,0.14,0.21,0,0,1
1618595482891,1.2,0,0.14,0.2,0,0,1
1618595487898,1.2,0,0.04,0.2,0,0,1
1618595492901,1.2,0,0.04,0.19,0,0,1
1618595497911,1.22,0,0.02,0.19,0,0,1
1618595502921,1.22,0,0.02,0.19,0,0,1
1618595507931,1.22,0,0.04,0.18,0,0,1
1618595512941,1.22,0,0.04,0.18,0,0,1
1618595517952,1.23,0,0.21,0.16,0,0,1
1618595522962,1.23,0,0.21,0.16,0,0,1
1618595527971,1.23,0,0.22,0.16,0,0,1
1618595532981,1.24,0,0.22,0.16,0,0,1
1618595537991,1.24,0,0.22,0.14,0,0,1
1618595542995,1.24,0,0.22,0.14,0,0,1
1618595547998,1.24,0,0.23,0.13,0,0,1
1618595553002,1.23,0,0.23,0.13,0,0,1
1618595558005,1.23,0,0.23,0.13,0,0,1
1618595563009,1.25,0,0.23,0.13,0,0,1
1618595568012,1.25,0,0.23,0.12,0,0,1
1618595573016,1.24,0,0.23,0.12,0,0,1
1618595578022,1.24,0,0.23,0.11,0,0,1
1618595583026,1.24,0,0.24,0.11,0,0,1
1618595588029,1.24,0,0.24,0.11,0,0,1
1618595593033,1.24,0,0.24,0.1,0,0,1
1618595598036,1.24,0,0.24,0.1,0,0,1
1618595603040,1.23,0.02,0.24,0.06,0,0,1
1618595608043,1.23,0.02,0.24,0.06,0,0,1
1618595613047,1.23,0.03,0.24,0.01,0,0,1
1618595618051,1.23,0.03,0.24,0.01,0,0,1
1618595623055,1.23,0.05,0.24,0,0,0,1
1618595628061,1.23,0.05,0.24,0,0,0,1
1618595633072,1.23,0.05,0.24,0,0,0,1
1618595638078,1.23,0.06,0.24,0,0,0,1
1618595643084,1.23,0.06,0.23,0,0,0,1
1618595648089,1.22,0.09,0.23,0,0,0,1
1618595653096,1.22,0.09,0.23,0,0,0,1
1618595658101,1.22,0.12,0.23,0,0,0,1
1618595663111,1.22,0.12,0.23,0,0,0,1
1618595668122,1.2,0.15,0.22,0,0,0,1
1618595673127,1.2,0.15,0.22,0,0,0,1
1618595678134,1.19,0.18,0.21,0,0,0,1
1618595683142,1.19,0.18,0.21,0,0,0,1
1618595688150,1.17,0.23,0.19,0,0,0,1
1618595693182,1.17,0.23,0.19,0,0,0,1
1618595698188,1.17,0.26,0.18,0,0,0,1
1618595703198,1.15,0.26,0.18,0,0,0,1
1618595708202,1.15,0.3,0.16,0,0,0,1
1618595713206,1.13,0.3,0.16,0,0,0,1
1618595718209,1.13,0.3,0.14,0,0,0,1
1618595723213,1.1,0.34,0.14,0,0,0,1
1618595728216,1.1,0.34,0.12,0,0,0,1
1618595733221,1.07,0.38,0.12,0,0,0,1
1618595738225,1.07,0.38,0.12,0,0,0,1
1618595743232,1.04,0.41,0.1,0,0,0,1
1618595748236,1.04,0.41,0.1,0,0,0,1
1618595753252,1.01,0.42,0.1,0,0,0,1
1618595758256,1.01,0.42,0.1,0,0,0,1
1618595763259,0.98,0.48,0.05,0,0.04,0,1
1618595768263,0.98,0.48,0.05,0,0.04,0,1
1618595773266,0.94,0.53,0,0,0.05,0,1
1618595778270,0.94,0.53,0,0,0.05,0,1
1618595783273,0.94,0.54,0,0,0.05,0,1
1618595788277,0.91,0.54,0,0,0.04,0,1
1618595793281,0.91,0.56,0,0,0.04,0,1
1618595798284,0.87,0.56,0,0,0.08,0,1
1618595803288,0.87,0.56,0,0,0.08,0,1
1618595808291,0.83,0.58,0,0,0.12,0,1
1618595813300,0.83,0.58,0,0,0.12,0,1
1618595818303,0.79,0.6,0,0,0.16,0,1
1618595823306,0.79,0.6,0,0,0.16,0,1
1618595828311,0.76,0.62,0,0,0.24,0,1
1618595833322,0.76,0.62,0,0,0.24,0,1
1618595838325,0.72,0.6,0,0,0.29,0,1
1618595843331,0.72,0.6,0,0,0.29,0,1
1618595848335,0.68,0.62,0,0,0.37,0,1
1618595853338,0.68,0.62,0,0,0.37,0,1
1618595858342,0.63,0.23,0,0,0.44,0,1
1618595863345,0.63,0.23,0,0,0.44,0,1
1618595868358,0.63,0.01,0,0,0.44,0,1
1618595873416,0.59,0.01,0,0,0.5,0,1
1618595878436,0.59,0.01,0,0,0.5,0,1
1618595883441,0.55,0.01,0,0,0.56,0,1
1618595888445,0.55,0.01,0,0,0.56,0,1
1618595893450,0.51,0,0,0,0.63,0,1
1618595898461,0.51,0,0,0,0.63,0,1
1618595903465,0.47,0.01,0,0,0.69,0,1
1618595908469,0.47,0.01,0,0,0.69,0,1
1618595913473,0.44,0,0,0,0.75,0,1
1618595918477,0.44,0,0,0,0.75,0,1
1618595923482,0.39,0,0,0,0.8,0,1
1618595928486,0.39,0,0,0,0.8,0,1
1618595933491,0.36,0.01,0,0,0.86,0,1
1618595938494,0.36,0.01,0,0,0.86,0,1
1618595943498,0.31,0,0,0,0.92,0,1
1618595948502,0.31,0,0,0,0.92,0,1
1618595953506,0.31,0,0,0,0.92,0,1
1618595958524,0.27,0,0,0,0.97,0,1
1618595963567,0.27,0,0,0,0.97,0,1
1618595968574,0.23,0,0,0,1.02,0,1
1618595973578,0.23,0,0,0,1.02,0,1
1618595978581,0.2,0,0,0,1.07,0,1
1618595983585,0.2,0,0,0,1.07,0,1
1618595988589,0.17,0,0,0,1.13,0,1
1618595993593,0.17,0,0,0,1.13,0,1
1618595998596,0.14,0,0,0,1.16,0,1
1618596003599,0.14,0,0,0,1.16,0,1
1618596008603,0.1,0,0,0,1.2,0,1
1618596013607,0.1,0,0,0,1.2,0,1
1618596018610,0.08,0,0,0,1.24,0,1
1618596023614,0.08,0,0,0,1.24,0,1
1618596028617,0.05,0,0,0,1.28,0.01,1
1618596033637,0.05,0,0,0,1.28,0.01,1
1618596038644,0.05,0,0,0,1.28,0.02,1
1618596043652,0.04,0,0,0,1.29,0.02,1
1618596048662,0.04,0,0,0,1.29,0.02,1
1618596053665,0.02,0,0,0,1.3,0.02,1
1618596058669,0.02,0,0,0,1.3,0.02,1
1618596063672,0.01,0,0,0,1.31,0.02,1
1618596068682,0.01,0,0,0,1.31,0.02,1
1618596073685,0,0,0,0,1.3,0.03,1
1618596078691,0,0,0,0,1.3,0.03,1
1618596083701,0,0,0,0,1.28,0.04,1
1618596088711,0,0,0,0,1.28,0.04,1
1618596093721,0,0,0,0,1.25,0.05,1
1618596098731,0,0,0,0,1.25,0.05,1
1618596103741,0,0,0,0,1.21,0.07,1
1618596108751,0,0,0,0,1.21,0.07,1
1618596113761,0,0,0,0,1.17,0.09,1
1618596118775,0,0,0,0,1.17,0.09,1
1618596123796,0,0,0,0,1.17,0.11,1
1618596128820,0,0,0,0,1.12,0.11,1
1618596133827,0,0,0,0,1.12,0.13,1
1618596138832,0,0,0,0,1.08,0.13,1
1618596143835,0,0,0,0,1.08,0.13,1
1618596148838,0,0,0,0,1.02,0.14,1
1618596153842,0,0,0,0,1.02,0.14,1
1618596158846,0,0,0,0,0.97,0.16,1
1618596163849,0,0,0,0,0.97,0.16,1
1618596168853,0,0,0,0,0.91,0.17,1
1618596173857,0,0,0,0,0.91,0.17,1
1618596178860,0,0,0,0,0.85,0.18,1
1618596183864,0,0,0,0,0.85,0.18,1
1618596188867,0,0,0,0,0.78,0.19,1
1618596193871,0,0,0,0,0.78,0.19,1
1618596198874,0,0,0,0,0.7,0.2,1
1618596203878,0,0,0,0,0.7,0.2,1
1618596208891,0,0,0,0,0.7,0.2,1
1618596213899,0,0,0,0,0.62,0.2,1
1618596218902,0,0,0,0,0.62,0.2,1
1618596223906,0,0,0,0,0.55,0.2,1
1618596228909,0,0,0,0,0.55,0.2,1
1618596233915,0,0,0,0,0.48,0.2,1
1618596238920,0,0,0,0,0.48,0.2,1
1618596243926,0,0,0,0,0.4,0.19,1
1618596248930,0,0,0,0.84,0.4,0.19,1
1618596253933,0,0,0,0.84,0.32,0.18,1
1618596258941,0,0,0,0.88,0.32,0.18,1
1618596263951,0,0,0,0.88,0.26,0.18,1
1618596268961,0,0,0,0.88,0.26,0.18,1
1618596273971,0,0,0,0.91,0.17,0.16,1
1618596278981,0,0,0,0.91,0.17,0.16,1
1618596283992,0,0,0,0.92,0.08,0.15,1
1618596289002,0,0,0,0.92,0.08,0.15,1
1618596294006,0,0,0,0.89,0.08,0.14,1
1618596299009,0,0,0,0.89,0.07,0.14,1
1618596304013,0,0,0.03,0.96,0.07,0.13,1
1618596309021,0,0,0.03,0.96,0,0.13,1
1618596314031,0,0,0.1,0.97,0,0.13,1
1618596319038,0,0,0.1,0.97,0,0.12,1
1618596324049,0,0,0.14,0.97,0,0.12,1
1618596329062,0,0,0.14,0.97,0,0.11,1
1618596334067,0,0,0.14,0.98,0,0.11,1
1618596339078,0,0,0.2,0.98,0,0.1,1
1618596344085,0,0,0.2,0.95,0,0.1,1
1618596349091,0,0,0.27,0.95,0,0.09,1
1618596354097,0,0,0.27,0.95,0,0.09,1
1618596359101,0,0,0.33,0.94,0,0.07,1
1618596364111,0,0,0.33,0.94,0,0.07,1
1618596369123,0,0,0.42,1.01,0,0.06,1
1618596374127,0,0,0.42,1.01,0,0.06,1
1618596379142,0,0,0.5,0.94,0,0.04,1
1618596384146,0,0,0.5,0.94,0,0.04,1
1618596389150,0,0,0.57,0.84,0,0.01,1
1618596394182,0,0,0.57,0.84,0,0.01,1
1618596399186,0,0,0.65,0.8,0,0.01,1
1618596404190,0.01,0,0.65,0.8,0,0,1
1618596409194,0.01,0,0.71,0.75,0,0,1
1618596414198,0.04,0,0.71,0.75,0,0,1
1618596419202,0.04,0,0.71,0.71,0,0,1
1618596424212,0.06,0,0.77,0.71,0,0,1
1618596429217,0.06,0,0.77,0.58,0,0,1
1618596434221,0.09,0,0.84,0.58,0,0,1
1618596439229,0.09,0,0.84,0.58,0,0,1
1618596444238,0.1,0,0.89,0.53,0,0,1
1618596449250,0.1,0,0.89,0.53,0,0,1
1618596454257,0.14,0,0.95,0.44,0,0,1
1618596459261,0.14,0,0.95,0.44,0,0,1
1618596464264,0.14,0,0.98,0.38,0,0,1
1618596469271,0.17,0,0.98,0.38,0,0,1
1618596474279,0.17,0,1.02,0.3,0,0,1
1618596479292,0.19,0,1.02,0.3,0,0,1
1618596484296,0.19,0,1.04,0.22,0,0,1
1618596489299,0.22,0,1.04,0.22,0,0,1
1618596494303,0.22,0,1.05,0.13,0,0,1
1618596499307,0.25,0,1.05,0.13,0,0,1
1618596504310,0.25,0,1.05,0.08,0,0,1
1618596509313,0.28,0.02,1.06,0.08,0,0,1
1618596514321,0.28,0.02,1.06,0.04,0,0,1
1618596519326,0.31,0.07,1.04,0.04,0,0,1
1618596524331,0.31,0.07,1.04,0.04,0,0,1
1618596529335,0.35,0.11,1.02,0.01,0,0,1
1618596534338,0.35,0.11,1.02,0.01,0,0,1
1618596539345,0.4,0.16,0.97,0,0,0,1
1618596544351,0.4,0.16,0.97,0,0,0,1
1618596549361,0.4,0.25,0.91,0,0,0,1
1618596554368,0.43,0.25,0.91,0,0,0,1
1618596559372,0.43,0.35,0.86,0,0,0,1
1618596564376,0.47,0.35,0.86,0,0,0,1
1618596569379,0.47,0.35,0.8,0,0,0,1
1618596574392,0.51,0.41,0.8,0,0,0,1
1618596579402,0.51,0.41,0.74,0,0,0,1
1618596584406,0.54,0.47,0.74,0,0,0,1
1618596589411,0.54,0.47,0.74,0,0,0,1
1618596594422,0.57,0.52,0.71,0,0,0,1
1618596599428,0.57,0.52,0.71,0,0,0,1
1618596604441,0.6,0.62,0.61,0,0,0,1
1618596609451,0.6,0.62,0.61,0,0,0,1
1618596614465,0.62,0.67,0.55,0,0,0,1
1618596619476,0.62,0.67,0.55,0,0,0,1
1618596624479,0.65,0.7,0.47,0,0,0,1
1618596629485,0.65,0.7,0.47,0,0,0,1
1618596634488,0.65,0.59,0.41,0,0,0,1
1618596639495,0.67,0.59,0.41,0,0,0,1
1618596644498,0.67,0.6,0.35,0,0,0,1
1618596649505,0.69,0.6,0.35,0,0,0,1
1618596654510,0.69,0.6,0.29,0,0,0,1
1618596659522,0.71,0.62,0.29,0,0,0,1
1618596664526,0.71,0.62,0.23,0,0,0,1
1618596669531,0.72,0.63,0.23,0,0,0,1
1618596674536,0.72,0.63,0.23,0,0,0,1
1618596679541,0.73,0.63,0.18,0,0,0,1
1618596684546,0.73,0.63,0.18,0,0,0,1
1618596689551,0.73,0.65,0.13,0,0,0,1
1618596694556,0.73,0.65,0.13,0,0,0,1
1618596699561,0.73,0.69,0.1,0,0,0,1
1618596704565,0.73,0.69,0.1,0,0,0,1
1618596709569,0.74,0.63,0.02,0,0.03,0,1
1618596714574,0.74,0.63,0.02,0,0.03,0,1
1618596719578,0.74,0.69,0,0,0.03,0,1
1618596724582,0.74,0.69,0,0,0.03,0,1
1618596729586,0.74,0.65,0,0,0.03,0,1
1618596734589,0.74,0.65,0,0,0.05,0,1
1618596739596,0.74,0.65,0,0,0.05,0,1
1618596744599,0.74,0.65,0,0,0.09,0,1
1618596749603,0.74,0.65,0,0,0.09,0,1
1618596754606,0.73,0.65,0,0,0.14,0,1
1618596759613,0.73,0.65,0,0,0.14,0,1
1618596764639,0.73,0.65,0,0,0.19,0,1
1618596769643,0.73,0.65,0,0,0.19,0,1
1618596774646,0.72,0.64,0,0,0.27,0,1
1618596779651,0.72,0.64,0,0,0.27,0,1
1618596784656,0.7,0.23,0,0,0.28,0,1
1618596789659,0.7,0.23,0,0,0.28,0,1
1618596794663,0.69,0.62,0,0,0.35,0,1
1618596799671,0.69,0.62,0,0,0.35,0,1
1618596804681,0.69,0.6,0,0,0.35,0,1
1618596809691,0.68,0.6,0,0,0.41,0,1
1618596814701,0.68,0.59,0,0,0.41,0,1
1618596819711,0.67,0.59,0,0,0.45,0,1
1618596824721,0.67,0.59,0,0,0.45,0,1
1618596829731,0.65,0.03,0,0,0.51,0,1
1618596834741,0.65,0.03,0,0,0.51,0,1
1618596839751,0.64,0.33,0,0,0.54,0,1
1618596844761,0.64,0.33,0,0,0.54,0,1
1618596849771,0.63,0,0,0,0.58,0,1
1618596854781,0.63,0,0,0,0.58,0,1
1618596859789,0.61,0,0,0,0.62,0,1
1618596864792,0.61,0,0,0,0.62,0,1
1618596869802,0.59,0,0,0,0.66,0,1
1618596874808,0.59,0,0,0,0.66,0,1
1618596879822,0.57,0,0,0,0.7,0,1
1618596884841,0.57,0,0,0,0.7,0,1
1618596889846,0.57,0.01,0,0,0.7,0,1
1618596894851,0.56,0.01,0,0,0.74,0,1
1618596899862,0.56,0.01,0,0,0.74,0,1
1618596904871,0.54,0.01,0,0,0.77,0,1
1618596909882,0.54,0.01,0,0,0.77,0,1
1618596914891,0.53,0,0,0,0.81,0,1
1618596919902,0.53,0,0,0,0.81,0,1
1618596924909,0.51,0,0,0,0.84,0,1
1618596929913,0.51,0,0,0,0.84,0,1
1618596934917,0.49,0,0,0,0.86,0,1
1618596939920,0.49,0,0,0,0.86,0,1
1618596944924,0.48,0,0,0,0.9,0,1
1618596949929,0.48,0,0,0,0.9,0,1
1618596954935,0.46,0,0,0,0.92,0,1
1618596959938,0.46,0,0,0,0.92,0,1
1618596964942,0.45,0.01,0,0,0.92,0,1
1618596969946,0.45,0.01,0,0,0.95,0,1
1618596974949,0.45,0,0,0,0.95,0,1
1618596979953,0.43,0,0,0,0.97,0,1
1618596984956,0.43,0,0,0,0.97,0,1
1618596989974,0.42,0,0,0,1,0,1
1618596994978,0.42,0,0,0,1,0,1
1618596999981,0.41,0,0,0,1.01,0,1
1618597004985,0.41,0,0,0,1.01,0,1
1618597009988,0.39,0,0,0,1.04,0,1
1618597014992,0.39,0,0,0,1.04,0,1
1618597019995,0.38,0,0,0,1.06,0,1
1618597024998,0.38,0,0,0,1.06,0,1
1618597030005,0.37,0,0,0,1.08,0,1
1618597035009,0.37,0,0,0,1.08,0,1
1618597040012,0.36,0,0,0,1.1,0,1
1618597045016,0.36,0,0,0,1.1,0,1
1618597050021,0.34,0,0,0,1.1,0,1
1618597055027,0.34,0,0,0,1.12,0,1
1618597060041,0.34,0,0,0,1.12,0,1
1618597065051,0.33,0,0,0,1.13,0,1
1618597070061,0.33,0,0,0,1.13,0,1
1618597075071,0.32,0,0,0,1.15,0,1
1618597080081,0.32,0,0,0,1.15,0,1
1618597085090,0.3,0,0,0,1.17,0,1
1618597090102,0.3,0,0,0,1.17,0,1
1618597095110,0.3,0,0,0,1.17,0,1
1618597100113,0.3,0,0,0,1.17,0,1
1618597105117,0.28,0,0,0,1.19,0,1
1618597110121,0.28,0,0,0,1.19,0,1
1618597115124,0.27,0.01,0,0,1.19,0,1
1618597120128,0.27,0.01,0,0,1.19,0,1
1618597125135,0.27,0.05,0,0,1.22,0,1
1618597130139,0.27,0.05,0,0,1.22,0,1
1618597135151,0.25,0.11,0,0,1.22,0,1
1618597140162,0.25,0.11,0,0,1.22,0,1
1618597145172,0.25,0.09,0,0,1.22,0,1
1618597150191,0.24,0.09,0,0,1.24,0,1
1618597155196,0.23,0.06,0,0,1.24,0,1
1618597160202,0.23,0.06,0,0,1.25,0,1
1618597165214,0.22,0.06,0,0,1.25,0,1
1618597170224,0.22,0.02,0,0,1.27,0,1
1618597175228,0.21,0.02,0,0,1.27,0,1
1618597180231,0.21,0,0,0,1.27,0,1
1618597185235,0.2,0,0,0,1.27,0,1
1618597190241,0.2,0,0,0,1.28,0,1
1618597195245,0.2,0,0,0,1.28,0,1
1618597200255,0.2,0,0,0,1.29,0,1
1618597205260,0.2,0,0,0,1.29,0,1
1618597210271,0.18,0,0,0,1.29,0,1
1618597215290,0.18,0,0,0,1.29,0,1
1618597220303,0.18,0,0,0,1.29,0,1
1618597225311,0.18,0,0,0,1.3,0,1
1618597230323,0.17,0,0,0,1.3,0,1
1618597235326,0.17,0,0,0,1.3,0,1
1618597240330,0.16,0,0,0,1.3,0,1
1618597245334,0.16,0,0,0,1.31,0,1
1618597250337,0.15,0,0,0,1.31,0,1
1618597255342,0.15,0,0,0,1.33,0,1
1618597260346,0.14,0,0,0,1.33,0,1
1618597265349,0.14,0,0,0,1.35,0,1
1618597270353,0.14,0,0,0,1.35,0,1
1618597275356,0.14,0,0,0,1.35,0,1
1618597280360,0.13,0,0,0,1.35,0,1
1618597285363,0.13,0,0,0,1.35,0,1
1618597290371,0.12,0,0,0,1.35,0,1
1618597295376,0.12,0,0,0,1.36,0,1
1618597300382,0.12,0,0,0,1.36,0,1
1618597305385,0.11,0,0,0,1.36,0,1
1618597310388,0.11,0,0,0,1.37,0,1
1618597315392,0.1,0,0,0,1.37,0,1
1618597320395,0.1,0,0,0,1.37,0,1
1618597325399,0.1,0,0,0,1.37,0,1
1618597330411,0.1,0,0,0,1.39,0,1
1618597335422,0.09,0,0,0,1.39,0,1
1618597340425,0.09,0,0,0,1.37,0,1
1618597345428,0.09,0,0,0,1.37,0,1
1618597350433,0.09,0,0,0,1.39,0,1
1618597355436,0.07,0,0,0,1.39,0,1
1618597360439,0.07,0,0,0,1.37,0.01,1
1618597365443,0.07,0,0,0,1.37,0.01,1
1618597370447,0.07,0,0,0,1.39,0.02,1
1618597375451,0.06,0,0,0,1.39,0.02,1
1618597380454,0.06,0,0,0,1.37,0.02,1
1618597385462,0.06,0,0,0,1.37,0.02,1
1618597390471,0.06,0,0,0,1.37,0.02,1
1618597395481,0.06,0,0,0,1.37,0.02,1
1618597400488,0.05,0,0,0,1.37,0.02,1
1618597405502,0.05,0,0,0,1.36,0.02,1
1618597410512,0.05,0,0,0,1.36,0.02,1
1618597415552,0.05,0,0,0,1.35,0.03,1
1618597420556,0.05,0,0,0,1.35,0.03,1
1618597425559,0.05,0,0,0,1.34,0.03,1
1618597430572,0.05,0,0,0,1.34,0.03,1
1618597435591,0.05,0,0,0,1.33,0.02,1
1618597440596,0.05,0,0,0,1.33,0.02,1
1618597445603,0.05,0,0,0,1.29,0.03,1
1618597450606,0.05,0,0,0,1.29,0.03,1
1618597455610,0.05,0,0,0,1.28,0.03,1
1618597460621,0.05,0,0,0,1.28,0.03,1
1618597465629,0.05,0,0,0,1.26,0.03,1
1618597470633,0.05,0,0,0,1.26,0.03,1
1618597475637,0.05,0,0,0,1.26,0.03,1
1618597480642,0.05,0,0,0,1.25,0.03,1
1618597485645,0.05,0,0,0,1.25,0.03,1
1618597490649,0.05,0,0,0,1.22,0.03,1
1618597495653,0.04,0,0,0,1.22,0.03,1
1618597500657,0.04,0,0,0,1.2,0.03,1
1618597505671,0.04,0,0,0,1.2,0.03,1
1618597510681,0.04,0,0,0,1.17,0.03,1
1618597515691,0.04,0,0,0.35,1.17,0.03,1
1618597520701,0.04,0,0,0.35,1.15,0.03,1
1618597525706,0.04,0,0,0.41,1.15,0.03,1
1618597530721,0.04,0,0,0.41,1.11,0.03,1
1618597535731,0.03,0,0,0.41,1.11,0.03,1
1618597540741,0.03,0,0,0.44,1.07,0.03,1
1618597545752,0.02,0,0,0.44,1.07,0.03,1
1618597550761,0.02,0,0,0,1.02,0.03,1
1618597555771,0.02,0,0,0,1.02,0.03,1
1618597560776,0.02,0,0,0,1.02,0.03,1
1618597565781,0.02,0,0,0,0.98,0.03,1
1618597570784,0.01,0,0,0,0.98,0.03,1
1618597575788,0.01,0,0,0,0.94,0.03,1
1618597580807,0.02,0,0,0.01,0.94,0.03,1
1618597585811,0.02,0,0,0.01,0.88,0.03,1
1618597590822,0.02,0,0,0,0.88,0.03,1
1618597595831,0.02,0,0,0,0.84,0.03,1
1618597600841,0.03,0,0,0.02,0.84,0.03,1
1618597605851,0.03,0,0,0.02,0.78,0.03,1
1618597610864,0.04,0,0,0.01,0.78,0.03,1
1618597615883,0.04,0,0,0.01,0.74,0.03,1
1618597620888,0.05,0,0,0.01,0.74,0.03,1
1618597625893,0.05,0,0,0.01,0.68,0.03,1
1618597630898,0.06,0,0,0.01,0.68,0.03,1
1618597635912,0.06,0,0,0.01,0.61,0.03,1
1618597640921,0.06,0,0,0.01,0.61,0.03,1
1618597645931,0.06,0,0,0.02,0.61,0.03,1
1618597650941,0.06,0,0,0.02,0.55,0.03,1
1618597655951,0.07,0,0,0.01,0.55,0.03,1
1618597660956,0.07,0,0,0.01,0.49,0.03,1
1618597665966,0.08,0,0,0.76,0.49,0.03,1
1618597670969,0.08,0,0,0.76,0.43,0.01,1
1618597675977,0.04,0,0,0.92,0.43,0.01,1
1618597680984,0.04,0,0,0.92,0.36,0.02,1
1618597685987,0.1,0,0,0.96,0.36,0.02,1
1618597690991,0.1,0,0,0.96,0.3,0.02,1
1618597695995,0.12,0,0,0.99,0.3,0.02,1
1618597700998,0.12,0,0,0.99,0.24,0.01,1
1618597706004,0.13,0,0,0.99,0.24,0.01,1
1618597711011,0.13,0,0,1,0.15,0.01,1
1618598848069,0.03,0,0,0,1.01,0.12,1
1618598853105,0.03,0.01,0,0,0.9,0.11,1
1618598858117,0.03,0.01,0,0,0.9,0.11,1
1618598863122,0.03,0.01,0,0,0.9,0.11,1
1618598868126,0.03,0.01,0,0,0.9,0.11,1
1618598873133,0.03,0.02,0,0,0.9,0.11,1
1618598878145,0.03,0.02,0,0,0.85,0.11,1
1618598883163,0.03,0.01,0,0,0.85,0.11,1
1618598888176,0.03,0.01,0,0,0.8,0.11,1
1618598893192,0.02,0.01,0,0,0.8,0.11,1
1618598898209,0.02,0.01,0,0,0.76,0.12,1
1618598903226,0.03,0.01,0,0,0.76,0.12,1
1618598908233,0.03,0.01,0,0,0.71,0.12,1
1618598913272,0.03,0.68,0,0,0.71,0.12,1
1618598918276,0.03,0.68,0,0,0.67,0.12,1
1618598923280,0.02,0.04,0,0,0.67,0.12,1
1618598928316,0.02,0.04,0,0,0.68,0.13,1
1618598933322,0.02,0.02,0,0,0.68,0.13,1
1618598938326,0.02,0.02,0,0,0.59,0.13,1
1618598943331,0.02,0.02,0,0,0.59,0.13,1
1618598948335,0.02,0.02,0,0,0.55,0.14,1
1618598953342,0.02,0.02,0,0,0.55,0.14,1
1618598958355,0.02,0.02,0,0,0.55,0.14,1
1618598963359,0.02,0.02,0,0,0.52,0.14,1
1618598968649,0.02,0.02,0,0,0.52,0.14,1
1618598973662,0.02,0.02,0,0,0.49,0.14,1
1618598978672,0.02,0.03,0,0,0.49,0.14,1
1618598983676,0.02,0.03,0,0,0.45,0.15,1
1618598988681,0.02,0.02,0,0,0.45,0.15,1
1618598993692,0.02,0.02,0,0,0.42,0.15,1
1618598998696,0.02,0.02,0,0,0.42,0.15,1
1618599003700,0.02,0.02,0,0,0.39,0.16,1
1618599008704,0.02,0.87,0,0,0.39,0.16,1
1618599013708,0.02,0.87,0,0,0.36,0.17,1
1618599018712,0.02,0.92,0,0,0.36,0.17,1
1618599023717,0.02,0.92,0.01,0,0.31,0.18,1
1618599028724,0.02,0.93,0.01,0,0.31,0.18,1
1618599033732,0.02,0.93,0,0,0.29,0.18,1
1618599038741,0.02,0.94,0,0,0.29,0.18,1
1618599043749,0.01,0.94,0,0,0.29,0.18,1
1618599048753,0.01,0.94,0,0,0.28,0.18,1
1618599053762,0.02,0.89,0,0,0.28,0.19,1
1618599058768,0.02,0.89,0,0,0.25,0.19,1
1618599063780,0.02,0.96,0.01,0,0.25,0.19,1
1618599068791,0.02,0.96,0.01,0,0.2,0.2,1
1618599073814,0.02,0.97,0.01,0,0.2,0.2,1
1618599078822,0.02,0.97,0.01,0,0.17,0.2,1
1618599083826,0.02,0.97,0.01,0,0.17,0.2,1
1618599088833,0.02,0.97,0.01,0,0.13,0.2,1
1618599093840,0.01,1.05,0.01,0,0.13,0.2,1
1618599098859,0.01,1.05,0.01,0,0.12,0.21,1
1618599103891,0.01,0.99,0.01,0,0.12,0.21,1
1618599108896,0.01,0.99,0.01,0,0.1,0.22,1
1618599113900,0.01,0.98,0.01,0,0.1,0.22,1
1618599118922,0.01,0.98,0.01,0,0.08,0.22,1
1618599123930,0.01,1,0.01,0,0.08,0.22,1
1618599128944,0.01,1,0.01,0,0.08,0.22,1
1618599133952,0.01,1,0.05,0,0.06,0.22,1
1618599138957,0.01,0.98,0.05,0,0.06,0.22,1
1618599143973,0.01,0.98,0.05,0,0.05,0.22,1
1618599148977,0.01,1,0.09,0,0.05,0.22,1
1618599153981,0.01,1,0.09,0,0,0.22,1
1618599158985,0.02,0.99,0.12,0,0,0.22,1
1618599164003,0.02,0.99,0.12,0,0,0.22,1
1618599169007,0.02,1.03,0.13,0,0,0.22,1
1618599174011,0.02,1.03,0.13,0,0,0.23,1
1618599179017,0.01,1.07,0.14,0,0,0.23,1
1618599184038,0.01,1.07,0.14,0,0,0.22,1
1618599189076,0.02,0.95,0.2,0,0,0.22,1
1618599194082,0.02,0.95,0.2,0,0,0.22,1
1618599199085,0.02,0.92,0.27,0,0,0.22,1
1618599204089,0.01,0.92,0.27,0,0,0.22,1
1618599209102,0.01,1.03,0.36,0,0,0.22,1
1618599214112,0.01,1.03,0.36,0,0,0.21,1
1618599219129,0.01,1.03,0.44,0,0,0.21,1
1618599224152,0.02,0.93,0.44,0,0,0.21,1
1618599229160,0.02,0.93,0.52,0,0,0.21,1
1618599234169,0.01,0.9,0.52,0,0,0.21,1
1618599239190,0.01,0.9,0.52,0,0,0.2,1
1618599244392,0.01,1.05,0.6,0,0,0.2,1
1618599249395,0.01,1.05,0.6,0,0,0.19,1
1618599254402,0.02,0.9,0.68,0,0,0.19,1
1618599259405,0.02,0.9,0.68,0,0,0.19,1
1618599264409,0.02,0.87,0.75,0,0,0.19,1
1618599269413,0.02,0.87,0.75,0,0,0.17,1
1618599274416,0.02,0.72,0.84,0,0,0.17,1
1618599279421,0.02,0.72,0.84,0,0,0.16,1
1618599284425,0.02,0.53,0.91,0,0,0.16,1
1618599289432,0.01,0.53,0.91,0,0,0.15,1
1618599294441,0.01,0.42,0.99,0,0,0.15,1
1618599299452,0.02,0.42,0.99,0,0,0.14,1
1618599304462,0.02,0.42,1.05,0,0,0.14,1
1618599309471,0.02,0.33,1.05,0.01,0,0.12,1
1618599314483,0.02,0.33,1.11,0.01,0,0.12,1
1618599319492,0.02,0.23,1.11,0.01,0,0.12,1
1618599324498,0.02,0.23,1.11,0.01,0,0.11,1
1618599329520,0.02,0.16,1.16,0.01,0,0.11,1
1618599334526,0.02,0.16,1.16,0.01,0,0.1,1
1618599339530,0.02,0.11,1.21,0.01,0,0.1,1
1618599344535,0.02,0.11,1.21,0.01,0,0.07,1
1618599349540,0.02,0.07,1.22,0.05,0,0.07,1
1618599354544,0.02,0.07,1.22,0.05,0,0.04,1
1618599359549,0.02,0.01,1.21,0.12,0,0.04,1
1618599364571,0.02,0.01,1.21,0.12,0,0,1
1618599369580,0.02,0.01,1.18,0.17,0,0,1
1618599374584,0.02,0.01,1.18,0.17,0,0,1
1618599379589,0.02,0.01,1.14,0.24,0,0,1
1618599384606,0.02,0.01,1.14,0.24,0,0,1
1618599390124,0.02,0.01,1.09,0.31,0,0,1
1618599395128,0.06,0.01,1.09,0.31,0,0,1
1618599400131,0.06,0.01,1.04,0.38,0,0,1
1618599405136,0.08,0.01,1.04,0.38,0,0,1
1618599410140,0.08,0.01,1.04,0.43,0,0,1
1618599415144,0.1,0,0.98,0.43,0,0,1
1618599420147,0.1,0,0.98,0.52,0,0,1
1618599425151,0.12,0,0.91,0.52,0,0,1
1618599430155,0.12,0,0.91,0.52,0,0,1
1618599435162,0.15,0,0.86,0.58,0,0,1
1618599440172,0.15,0,0.86,0.58,0,0,1
1618599445177,0.18,0,0.78,0.73,0,0,1
1618599450183,0.18,0,0.78,0.73,0,0,1
1618599455187,0.18,0,0.73,0.77,0,0,1
1618599460191,0.21,0,0.73,0.77,0,0,1
1618599465199,0.21,0,0.67,0.96,0,0,1
1618599470203,0.25,0,0.67,0.96,0,0,1
1618599475206,0.25,0,0.62,0.96,0,0,1
1618599480210,0.27,0,0.62,0.96,0,0,1
1618599485221,0.27,0,0.57,1.04,0,0,1
1618599490237,0.3,0,0.57,1.04,0,0,1
1618599495255,0.3,0,0.57,0.89,0,0,1
1618599500851,0.35,0,0.53,0.89,0,0,1
1618599505861,0.35,0,0.53,0.91,0,0,1
1618599510871,0.38,0,0.49,0.91,0,0,1
1618599515881,0.38,0,0.49,0.91,0,0,1
1618599520891,0.41,0,0.46,1.12,0,0,1
1618599525901,0.41,0,0.46,1.12,0,0,1
1618599530911,0.45,0,0.42,0.88,0,0,1
1618599535921,0.45,0,0.42,0.88,0,0,1
1618599540931,0.45,0,0.4,0.8,0,0,1
1618599545940,0.48,0,0.4,0.8,0,0,1
1618599550955,0.48,0,0.37,0.93,0,0,1
1618599555959,0.51,0,0.37,0.93,0,0,1
1618599560971,0.51,0,0.35,0.95,0,0,1
1618599565978,0.54,0,0.35,0.95,0,0,1
1618599570991,0.54,0,0.33,0.78,0,0,1
1618599576001,0.57,0,0.33,0.78,0,0,1
1618599581012,0.57,0,0.33,0.83,0,0,1
1618599586021,0.6,0,0.32,0.83,0,0,1
1618599591031,0.6,0,0.32,0.8,0,0,1
1618599596041,0.63,0,0.3,0.8,0,0,1
1618599601051,0.63,0,0.3,0.8,0,0,1
1618599606061,0.66,0,0.29,0.74,0,0,1
1618599611071,0.66,0,0.29,0.74,0,0,1
1618599616081,0.69,0,0.28,0.76,0,0,1
1618599621091,0.69,0,0.28,0.76,0,0,1
1618599626101,0.69,0,0.28,0.72,0,0,1
1618599631111,0.72,0,0.28,0.72,0,0,1
1618599636121,0.72,0,0.28,0.69,0,0,1
1618599641131,0.74,0,0.28,0.69,0,0,1
1618599646141,0.74,0,0.28,0.7,0,0,1
1618599651151,0.77,0,0.28,0.7,0,0,1
1618599656161,0.77,0,0.28,0.66,0,0,1
1618599661171,0.79,0,0.28,0.66,0,0,1
1618599666181,0.79,0,0.28,0.63,0,0,1
1618599671191,0.81,0,0.28,0.63,0,0,1
1618599676201,0.81,0,0.28,0.62,0,0,1
1618599681211,0.83,0,0.28,0.62,0,0,1
1618599686225,0.83,0,0.28,0.62,0,0,1
1618599691231,0.86,0,0.29,0.61,0,0,1
1618599696258,0.86,0,0.29,0.61,0,0,1
1618599701268,0.88,0,0.29,0.62,0,0,1
1618599706302,0.88,0,0.29,0.62,0,0,1
1618599711307,0.88,0,0.3,0.61,0,0,1
1618599716311,0.89,0,0.3,0.61,0,0,1
1618599721321,0.89,0,0.3,0.64,0,0,1
1618599726331,0.92,0,0.3,0.64,0,0,1
1618599731341,0.92,0,0.31,0.61,0,0,1
1618599736351,0.93,0.01,0.31,0.61,0,0,1
1618599741361,0.93,0.01,0.32,0.52,0,0,1
1618599746372,0.93,0,0.32,0.52,0,0,1
1618599751376,0.93,0,0.32,0.48,0,0,1
1618599756380,0.95,0,0.33,0.48,0,0,1
1618599761392,0.95,0,0.33,0.46,0,0,1
1618599766402,0.96,0,0.33,0.46,0,0,1
1618599771409,0.96,0,0.33,0.46,0,0,1
1618599776413,0.97,0,0.34,0.46,0,0,1
1618599781416,0.97,0,0.34,0.46,0,0,1
1618599786420,0.98,0,0.35,0.42,0,0,1
1618599791423,0.98,0,0.35,0.42,0,0,1
1618599796430,0.98,0,0.36,0.45,0,0,1
1618599801433,0.98,0,0.36,0.45,0,0,1
1618599806437,0.98,0,0.37,0.42,0,0,1
1618599811441,0.99,0,0.37,0.42,0,0,1
1618599816445,0.99,0,0.38,0.41,0,0,1
1618599821452,1,0.01,0.38,0.41,0,0,1
1618599826461,1,0.01,0.39,0.4,0,0,1
1618599831471,0.99,0,0.39,0.4,0,0,1
1618599836480,0.99,0,0.39,0.41,0,0,1
1618599841488,1,0,0.4,0.41,0,0,1
1618599846492,1,0,0.4,0.4,0,0,1
1618599851498,0.99,0,0.41,0.4,0,0,1
1618599856511,0.99,0,0.41,0.4,0,0,1
1618599861521,0.99,0.01,0.41,0.36,0,0,1
1618599866531,0.99,0.01,0.41,0.36,0,0,1
1618599871541,0.98,0,0.42,0.34,0,0,1
1618599876551,0.98,0,0.42,0.34,0,0,1
1618599881564,0.98,0,0.44,0.33,0,0,1
1618599886574,0.97,0,0.44,0.33,0,0,1
1618599891582,0.97,0,0.44,0.33,0,0,1
1618599896585,0.97,0,0.44,0.33,0,0,1
1618599901597,0.97,0,0.45,0.35,0,0,1
1618599906601,0.96,0,0.45,0.35,0,0,1
1618599911605,0.96,0,0.46,0.3,0,0,1
1618599916612,0.96,0,0.46,0.3,0,0,1
1618599921624,0.96,0,0.46,0.33,0,0,1
1618599926631,0.95,0,0.47,0.33,0,0,1
1618599931635,0.95,0,0.47,0.33,0,0,1
1618599936638,0.95,0,0.48,0.33,0,0,1
1618599941651,0.95,0,0.48,0.33,0,0,1
1618599946655,0.94,0,0.49,0.32,0,0,1
1618599951658,0.94,0,0.49,0.32,0,0,1
1618599956672,0.93,0,0.5,0.31,0,0,1
1618599961682,0.93,0,0.5,0.31,0,0,1
1618599966691,0.93,0,0.51,0.32,0,0,1
1618599971701,0.92,0,0.51,0.32,0,0,1
1618599976708,0.92,0,0.52,0.32,0,0,1
1618599981711,0.91,0,0.52,0.32,0,0,1
1618599986721,0.91,0,0.52,0.33,0,0,1
1618599991732,0.9,0,0.52,0.33,0,0,1
1618599996741,0.9,0,0.53,0.3,0,0,1
1618600001751,0.89,0,0.53,0.3,0,0,1
1618600006771,0.89,0,0.53,0.33,0,0,1
1618600011781,0.88,0,0.54,0.33,0,0,1
1618600016791,0.88,0,0.54,0.32,0,0,1
1618600021802,0.88,0,0.55,0.32,0,0,1
1618600026812,0.88,0,0.55,0.32,0,0,1
1618600031832,0.87,0,0.55,0.33,0,0,1
1618600036847,0.87,0,0.55,0.33,0,0,1
1618600041855,0.85,0,0.56,0.33,0,0,1
1618600046858,0.85,0,0.56,0.33,0,0,1
1618600051862,0.85,0,0.56,0.35,0,0,1
1618600056865,0.85,0,0.56,0.35,0,0,1
1618600061873,0.85,0,0.56,0.35,0,0,1
1618600066880,0.84,0,0.56,0.35,0,0,1
1618600071883,0.84,0,0.56,0.36,0,0,1
1618600076891,0.83,0,0.56,0.36,0,0,1
1618600081899,0.83,0,0.57,0.37,0,0,1
1618600086903,0.83,0,0.57,0.37,0,0,1
1618600091906,0.83,0,0.57,0.38,0,0,1
1618600096911,0.82,0,0.57,0.38,0,0,1
1618600101925,0.82,0,0.57,0.39,0,0,1
1618600106932,0.81,0,0.57,0.39,0,0,1
1618600111937,0.81,0,0.57,0.39,0,0,1
1618600116941,0.81,0,0.57,0.41,0,0,1
1618600121956,0.81,0,0.57,0.41,0,0,1
1618600126972,0.79,0,0.57,0.42,0,0,1
1618600131977,0.79,0,0.57,0.42,0,0,1
1618600136993,0.79,0,0.56,0.45,0,0,1
1618600142043,0.79,0,0.56,0.45,0,0,1
1618600147050,0.79,0,0.56,0.45,0,0,1
1618600152055,0.79,0,0.56,0.45,0,0,1
1618600157058,0.79,0,0.56,0.46,0,0,1
1618600162064,0.79,0,0.56,0.46,0,0,1
1618600167068,0.79,0,0.56,0.45,0,0,1
1618600172072,0.79,0,0.56,0.45,0,0,1
1618600177076,0.79,0,0.56,0.46,0,0,1
1618600182082,0.78,0,0.56,0.46,0,0,1
1618600187091,0.78,0,0.56,0.46,0,0,1
1618600192095,0.78,0,0.56,0.46,0,0,1
1618600197098,0.78,0,0.56,0.46,0,0,1
1618600202102,0.78,0,0.55,0.47,0,0,1
1618600207105,0.78,0,0.55,0.47,0,0,1
1618600212109,0.77,0,0.55,0.47,0,0,1
1618600217112,0.77,0,0.55,0.47,0,0,1
1618600222116,0.77,0,0.54,0.51,0,0,1
1618600227119,0.78,0,0.54,0.51,0,0,1
1618600232123,0.78,0,0.54,0.49,0,0,1
1618600237126,0.77,0,0.54,0.49,0,0,1
1618600242130,0.77,0,0.54,0.5,0,0,1
1618600247133,0.77,0,0.54,0.5,0,0,1
1618600252140,0.77,0,0.54,0.5,0,0,1
1618600257143,0.78,0,0.54,0.5,0,0,1
1618600262147,0.78,0,0.54,0.5,0,0,1
1618600267155,0.78,0,0.54,0.5,0,0,1
1618600272162,0.78,0,0.54,0.5,0,0,1
1618600277165,0.79,0,0.53,0.5,0,0,1
1618600282171,0.79,0,0.53,0.5,0,0,1
1618600287181,0.79,0,0.53,0.49,0,0,1
1618600292184,0.79,0,0.53,0.49,0,0,1
1618600297187,0.79,0,0.54,0.48,0,0,1
1618600302191,0.79,0,0.54,0.48,0,0,1
1618600307198,0.79,0,0.53,0.47,0,0,1
1618600312211,0.79,0,0.53,0.47,0,0,1
1618600317221,0.79,0,0.53,0.46,0,0,1
1618600322224,0.79,0,0.53,0.46,0,0,1
1618600327232,0.79,0,0.53,0.45,0,0,1
1618600332241,0.8,0,0.53,0.45,0,0,1
1618600337252,0.8,0,0.53,0.44,0,0,1
1618600342258,0.8,0,0.53,0.44,0,0,1
1618600347271,0.8,0,0.53,0.44,0,0,1
1618600352282,0.81,0,0.54,0.44,0,0,1
1618600357294,0.81,0,0.54,0.43,0,0,1
1618600362297,0.81,0,0.54,0.43,0,0,1
1618600367309,0.81,0,0.54,0.43,0,0,1
1618600372326,0.82,0,0.55,0.42,0,0,1
1618600377341,0.82,0,0.55,0.42,0,0,1
1618600382346,0.83,0,0.55,0.39,0,0,1
1618600387367,0.83,0,0.55,0.39,0,0,1
1618600392386,0.83,0,0.55,0.38,0,0,1
1618600397397,0.83,0,0.55,0.38,0,0,1
1618600402401,0.83,0,0.56,0.36,0,0,1
1618600407404,0.84,0,0.56,0.36,0,0,1
1618600412408,0.84,0,0.56,0.36,0,0,1
1618600417422,0.85,0,0.56,0.36,0,0,1
1618600422428,0.85,0,0.57,0.36,0,0,1
1618600427432,0.85,0,0.57,0.36,0,0,1
1618600432441,0.85,0,0.57,0.36,0,0,1
1618600437451,0.85,0,0.57,0.36,0,0,1
1618600442454,0.85,0,0.57,0.36,0,0,1
1618600447462,0.85,0,0.57,0.36,0,0,1
1618600452466,0.85,0,0.57,0.36,0,0,1
1618600457471,0.85,0,0.57,0.36,0,0,1
1618600462475,0.85,0,0.57,0.36,0,0,1
1618600467479,0.85,0,0.57,0.36,0,0,1
1618600472484,0.85,0,0.57,0.36,0,0,1
1618600477487,0.85,0,0.57,0.36,0,0,1
1618600482492,0.85,0,0.57,0.36,0,0,1
1618600487495,0.85,0,0.57,0.36,0,0,1
1618600492499,0.85,0,0.57,0.36,0,0,1
1618600497503,0.85,0,0.57,0.36,0,0,1
1618600502507,0.85,0,0.57,0.36,0,0,1
1618600507512,0.85,0,0.57,0.36,0,0,1
1618600512515,0.85,0,0.57,0.36,0,0,1
1618600517519,0.85,0,0.57,0.36,0,0,1
1618600522523,0.85,0,0.57,0.36,0,0,1
1618600527527,0.85,0,0.57,0.36,0,0,1
1618600532532,0.85,0,0.57,0.36,0,0,1
1618600537535,0.85,0,0.57,0.36,0,0,1
1618600542539,0.85,0,0.57,0.36,0,0,1
1618600547542,0.85,0,0.57,0.36,0,0,1
1618600552547,0.85,0,0.57,0.36,0,0,1
1618600557550,0.85,0,0.57,0.36,0,0,1
1618600562553,0.85,0,0.57,0.36,0,0,1
1618600567557,0.85,0,0.57,0.36,0,0,1
1618600572560,0.85,0,0.57,0.36,0,0,1
1618600577563,0.85,0,0.57,0.36,0,0,1
1618600582567,0.85,0,0.57,0.36,0,0,1
1618600587571,0.85,0,0.57,0.36,0,0,1
1618600592575,0.85,0,0.57,0.36,0,0,1
1618600597578,0.85,0,0.57,0.36,0,0,1
1618600602582,0.85,0,0.57,0.36,0,0,1
1618600607586,0.85,0,0.57,0.36,0,0,1
1618600612589,0.85,0,0.57,0.36,0,0,1
1618600617592,0.85,0,0.57,0.36,0,0,1
1618600622596,0.85,0,0.57,0.36,0,0,1
1618600627599,0.85,0,0.57,0.36,0,0,1
1618600632603,0.85,0,0.57,0.36,0,0,1
1618600637606,0.85,0,0.57,0.36,0,0,1
1618600642612,0.85,0,0.57,0.36,0,0,1
1618600647615,0.85,0,0.57,0.36,0,0,1
1618600652619,0.85,0,0.57,0.36,0,0,1
1618600657623,0.85,0,0.57,0.36,0,0,1
1618600662626,0.85,0,0.57,0.36,0,0,1
1618600667631,0.85,0,0.57,0.36,0,0,1
1618600672635,0.85,0,0.57,0.36,0,0,1
1618600677638,0.85,0,0.57,0.36,0,0,1
1618600682642,0.85,0,0.57,0.36,0,0,1
1618600687647,0.85,0,0.57,0.36,0,0,1
1618600692652,0.85,0,0.57,0.36,0,0,1
1618600697656,0.85,0,0.57,0.36,0,0,1
1618600702659,0.85,0,0.57,0.36,0,0,1
1618600707663,0.85,0,0.57,0.36,0,0,1
1618600712666,0.85,0,0.57,0.36,0,0,1
1618600717669,0.85,0,0.57,0.36,0,0,1
1618600722673,0.85,0,0.57,0.36,0,0,1
1618600727676,0.85,0,0.57,0.36,0,0,1
1618600732681,0.85,0,0.57,0.36,0,0,1
1618600737684,0.85,0,0.57,0.36,0,0,1
1618600742688,0.85,0,0.57,0.36,0,0,1
1618600747692,0.85,0,0.57,0.36,0,0,1
1618600752695,0.85,0,0.57,0.36,0,0,1
1618600757699,0.85,0,0.57,0.36,0,0,1
1618600762703,0.85,0,0.57,0.36,0,0,1
1618600767706,0.85,0,0.57,0.36,0,0,1
1618600772710,0.85,0,0.57,0.36,0,0,1
1618600777714,0.85,0,0.57,0.36,0,0,1
1618600782717,0.85,0,0.57,0.36,0,0,1
1618600787721,0.85,0,0.57,0.36,0,0,1
1618600792725,0.85,0,0.57,0.36,0,0,1
1618600797728,0.85,0,0.57,0.36,0,0,1
1618600802732,0.85,0,0.57,0.36,0,0,1
1618600807738,0.85,0,0.57,0.36,0,0,1
1618600812742,0.85,0,0.57,0.36,0,0,1
1618600817746,0.85,0,0.57,0.36,0,0,1
1618600822751,0.85,0,0.57,0.36,0,0,1
1618600827754,0.85,0,0.57,0.36,0,0,1
1618600832757,0.85,0,0.57,0.36,0,0,1
1618600837762,0.85,0,0.57,0.36,0,0,1
1618600842765,0.85,0,0.57,0.36,0,0,1
1618600847768,0.85,0,0.57,0.36,0,0,1
1618600852772,0.85,0,0.57,0.36,0,0,1
1618600857776,0.85,0,0.57,0.36,0,0,1
1618600862779,0.85,0,0.57,0.36,0,0,1
1618600867782,0.85,0,0.57,0.36,0,0,1
1618600872786,0.85,0,0.57,0.36,0,0,1
1618600877790,0.85,0,0.57,0.36,0,0,1
1618600882794,0.85,0,0.57,0.36,0,0,1
1618600887797,0.85,0,0.57,0.36,0,0,1
1618600892801,0.85,0,0.57,0.36,0,0,1
1618600897804,0.85,0,0.57,0.36,0,0,1
1618600902808,0.85,0,0.57,0.36,0,0,1
1618600907813,0.85,0,0.57,0.36,0,0,1
1618600912816,0.85,0,0.57,0.36,0,0,1
1618600917822,0.85,0,0.57,0.36,0,0,1
1618600922826,0.85,0,0.57,0.36,0,0,1
1618600927829,0.85,0,0.57,0.36,0,0,1
1618600932833,0.85,0,0.57,0.36,0,0,1
1618600937836,0.85,0,0.57,0.36,0,0,1
1618600942842,0.85,0,0.57,0.36,0,0,1
1618600947847,0.85,0,0.57,0.36,0,0,1
1618600952850,0.85,0,0.57,0.36,0,0,1
1618600957853,0.85,0,0.57,0.36,0,0,1
1618600962856,0.85,0,0.57,0.36,0,0,1
1618600967859,0.85,0,0.57,0.36,0,0,1
1618600972862,0.85,0,0.57,0.36,0,0,1
1618600977865,0.85,0,0.57,0.36,0,0,1
1618600982869,0.85,0,0.57,0.36,0,0,1
1618600987872,0.85,0,0.57,0.36,0,0,1
1618600992875,0.85,0,0.57,0.36,0,0,1
1618600997878,0.85,0,0.57,0.36,0,0,1
1618601002882,0.85,0,0.57,0.36,0,0,1
1618601007885,0.85,0,0.57,0.36,0,0,1
1618601012888,0.85,0,0.57,0.36,0,0,1
1618601017892,0.85,0,0.57,0.36,0,0,1
1618601022895,0.85,0,0.57,0.36,0,0,1
1618601027898,0.85,0,0.57,0.36,0,0,1
1618601032902,0.85,0,0.57,0.36,0,0,1
1618601037905,0.85,0,0.57,0.36,0,0,1
1618601042908,0.85,0,0.57,0.36,0,0,1
1618601047913,0.85,0,0.57,0.36,0,0,1
1618601052916,0.85,0,0.57,0.36,0,0,1
1618601057919,0.85,0,0.57,0.36,0,0,1
1618601062923,0.85,0,0.57,0.36,0,0,1
1618601067932,0.85,0,0.57,0.36,0,0,1
1618601072936,0.85,0,0.57,0.36,0,0,1
1618601077939,0.85,0,0.57,0.36,0,0,1
1618601082943,0.85,0,0.57,0.36,0,0,1
1618601087946,0.85,0,0.57,0.36,0,0,1
1618601092949,0.85,0,0.57,0.36,0,0,1
1618601097953,0.85,0,0.57,0.36,0,0,1
1618601102956,0.85,0,0.57,0.36,0,0,1
1618601107959,0.85,0,0.57,0.36,0,0,1
1618601112962,0.85,0,0.57,0.36,0,0,1
1618601117966,0.85,0,0.57,0.36,0,0,1
1618601122971,0.85,0,0.57,0.36,0,0,1
1618601127974,0.85,0,0.57,0.36,0,0,1
1618601132977,0.85,0,0.57,0.36,0,0,1
1618601137979,0.85,0,0.57,0.36,0,0,1
1618601142992,0.85,0,0.57,0.36,0,0,1
1618601147995,0.85,0,0.57,0.36,0,0,1
1618601152998,0.85,0,0.57,0.36,0,0,1
1618601158001,0.85,0,0.57,0.36,0,0,1
1618601163004,0.85,0,0.57,0.36,0,0,1
1618601168007,0.85,0,0.57,0.36,0,0,1
1618601173031,0.85,0,0.57,0.36,0,0,1
1618601178037,0.85,0,0.57,0.36,0,0,1
1618601183042,0.85,0,0.57,0.36,0,0,1
1618601188045,0.85,0,0.57,0.36,0,0,1
1618601193048,0.85,0,0.57,0.36,0,0,1
1618601198052,0.85,0,0.57,0.36,0,0,1
1618601203055,0.85,0,0.57,0.36,0,0,1
1618601208059,0.85,0,0.57,0.36,0,0,1
1618601213062,0.85,0,0.57,0.36,0,0,1
1618601218065,0.85,0,0.57,0.36,0,0,1
1618601223068,0.85,0,0.57,0.36,0,0,1
1618601228072,0.85,0,0.57,0.36,0,0,1
1618601233076,0.85,0,0.57,0.36,0,0,1
1618601238079,0.85,0,0.57,0.36,0,0,1
1618601243083,0.85,0,0.57,0.36,0,0,1
1618601248086,0.85,0,0.57,0.36,0,0,1
1618601253089,0.85,0,0.57,0.36,0,0,1
1618601258093,0.85,0,0.57,0.36,0,0,1
1618601263096,0.85,0,0.57,0.36,0,0,1
1618601268102,0.85,0,0.57,0.36,0,0,1
1618601273111,0.85,0,0.57,0.36,0,0,1
1618601278114,0.85,0,0.57,0.36,0,0,1
1618601283119,0.85,0,0.57,0.36,0,0,1
1618601288123,0.85,0,0.57,0.36,0,0,1
1618601293126,0.85,0,0.57,0.36,0,0,1
1618601298129,0.85,0,0.57,0.36,0,0,1
1618601303132,0.85,0,0.57,0.36,0,0,1
1618601308136,0.85,0,0.57,0.36,0,0,1
1618601313140,0.85,0,0.57,0.36,0,0,1
1618601318143,0.85,0,0.57,0.36,0,0,1
1618601323146,0.85,0,0.57,0.36,0,0,1
1618601328149,0.85,0,0.57,0.36,0,0,1
1618601333152,0.85,0,0.57,0.36,0,0,1
1618601338155,0.85,0,0.57,0.36,0,0,1
1618601343158,0.85,0,0.57,0.36,0,0,1
1618601348163,0.85,0,0.57,0.36,0,0,1
1618601353167,0.85,0,0.57,0.36,0,0,1
1618601358169,0.85,0,0.57,0.36,0,0,1
1618601363173,0.85,0,0.57,0.36,0,0,1
1618601368176,0.85,0,0.57,0.36,0,0,1
1618601373181,0.85,0,0.57,0.36,0,0,1
1618601378184,0.85,0,0.57,0.36,0,0,1
1618601383187,0.85,0,0.57,0.36,0,0,1
1618601388190,0.85,0,0.57,0.36,0,0,1
1618601393193,0.85,0,0.57,0.36,0,0,1
1618601398196,0.85,0,0.57,0.36,0,0,1
1618601403199,0.85,0,0.57,0.36,0,0,1
1618601408202,0.85,0,0.57,0.36,0,0,1
1618601413205,0.85,0,0.57,0.36,0,0,1
1618601418207,0.85,0,0.57,0.36,0,0,1
1618601423215,0.85,0,0.57,0.36,0,0,1
1618601428218,0.85,0,0.57,0.36,0,0,1
1618601433221,0.85,0,0.57,0.36,0,0,1
1618601438224,0.85,0,0.57,0.36,0,0,1
1618601443227,0.85,0,0.57,0.36,0,0,1
1618601448230,0.85,0,0.57,0.36,0,0,1
1618601453233,0.85,0,0.57,0.36,0,0,1
1618601458236,0.85,0,0.57,0.36,0,0,1
1618601463239,0.85,0,0.57,0.36,0,0,1
1618601468242,0.85,0,0.57,0.36,0,0,1
1618601473245,0.85,0,0.57,0.36,0,0,1
1618601478248,0.85,0,0.57,0.36,0,0,1
1618601483252,0.85,0,0.57,0.36,0,0,1
1618601488255,0.85,0,0.57,0.36,0,0,1
1618601493258,0.85,0,0.57,0.36,0,0,1
1618601498262,0.85,0,0.57,0.36,0,0,1
1618601503265,0.85,0,0.57,0.36,0,0,1
1618601508268,0.85,0,0.57,0.36,0,0,1
1618601513272,0.85,0,0.57,0.36,0,0,1
1618601518275,0.85,0,0.57,0.36,0,0,1
1618601523277,0.85,0,0.57,0.36,0,0,1
1618601528281,0.85,0,0.57,0.36,0,0,1
1618601533284,0.85,0,0.57,0.36,0,0,1
1618601538287,0.85,0,0.57,0.36,0,0,1
1618601543291,0.85,0,0.57,0.36,0,0,1
1618601548294,0.85,0,0.57,0.36,0,0,1
1618601553297,0.85,0,0.57,0.36,0,0,1
1618601558302,0.85,0,0.57,0.36,0,0,1
1618601563305,0.85,0,0.57,0.36,0,0,1
1618601568308,0.85,0,0.57,0.36,0,0,1
1618601573312,0.85,0,0.57,0.36,0,0,1
1618601578315,0.85,0,0.57,0.36,0,0,1
1618601583319,0.85,0,0.57,0.36,0,0,1
1618601588323,0.85,0,0.57,0.36,0,0,1
1618601593328,0.85,0,0.57,0.36,0,0,1
1618601598331,0.85,0,0.57,0.36,0,0,1
1618601603336,0.85,0,0.57,0.36,0,0,1
1618601608341,0.85,0,0.57,0.36,0,0,1
1618601613344,0.85,0,0.57,0.36,0,0,1
1618601618347,0.85,0,0.57,0.36,0,0,1
1618601623352,0.85,0,0.57,0.36,0,0,1
1618601628354,0.85,0,0.57,0.36,0,0,1
1618601633357,0.85,0,0.57,0.36,0,0,1
1618601638362,0.85,0,0.57,0.36,0,0,1
1618601643365,0.85,0,0.57,0.36,0,0,1
1618601648368,0.85,0,0.57,0.36,0,0,1
1618601653373,0.85,0,0.57,0.36,0,0,1
1618601658376,0.85,0,0.57,0.36,0,0,1
1618601663379,0.85,0,0.57,0.36,0,0,1
1618601668383,0.85,0,0.57,0.36,0,0,1
1618601673386,0.85,0,0.57,0.36,0,0,1
1618601678388,0.85,0,0.57,0.36,0,0,1
1618601683398,0.85,0,0.57,0.36,0,0,1
1618601688402,0.85,0,0.57,0.36,0,0,1
1618601693405,0.85,0,0.57,0.36,0,0,1
1618601698410,0.85,0,0.57,0.36,0,0,1
1618601703413,0.85,0,0.57,0.36,0,0,1
1618601708416,0.85,0,0.57,0.36,0,0,1
1618601713419,0.85,0,0.57,0.36,0,0,1
1618601718422,0.85,0,0.57,0.36,0,0,1
1618601723426,0.85,0,0.57,0.36,0,0,1
1618601728430,0.85,0,0.57,0.36,0,0,1
1618601733434,0.85,0,0.57,0.36,0,0,1
1618601738437,0.85,0,0.57,0.36,0,0,1
1618601743442,0.85,0,0.57,0.36,0,0,1
1618601748445,0.85,0,0.57,0.36,0,0,1
1618601753448,0.85,0,0.57,0.36,0,0,1
1618601758452,0.85,0,0.57,0.36,0,0,1
1618601763455,0.85,0,0.57,0.36,0,0,1
1618601768458,0.85,0,0.57,0.36,0,0,1
1618601773462,0.85,0,0.57,0.36,0,0,1
1618601778465,0.85,0,0.57,0.36,0,0,1
1618601783468,0.85,0,0.57,0.36,0,0,1
1618601788483,0.85,0,0.57,0.36,0,0,1
1618601793486,0.85,0,0.57,0.36,0,0,1
1618601798489,0.85,0,0.57,0.36,0,0,1
1618601803493,0.85,0,0.57,0.36,0,0,1
1618601808496,0.85,0,0.57,0.36,0,0,1
1618601813499,0.85,0,0.57,0.36,0,0,1
1618601818504,0.85,0,0.57,0.36,0,0,1
1618601823507,0.85,0,0.57,0.36,0,0,1
1618601828510,0.85,0,0.57,0.36,0,0,1
1618601833513,0.85,0,0.57,0.36,0,0,1
1618601838516,0.85,0,0.57,0.36,0,0,1
1618601843519,0.85,0,0.57,0.36,0,0,1
1618601848523,0.85,0,0.57,0.36,0,0,1
1618601853526,0.85,0,0.57,0.36,0,0,1
1618601858529,0.85,0,0.57,0.36,0,0,1
1618601863532,0.85,0,0.57,0.36,0,0,1
1618601868535,0.85,0,0.57,0.36,0,0,1
1618601873538,0.85,0,0.57,0.36,0,0,1
1618601878543,0.85,0,0.57,0.36,0,0,1
1618601883546,0.85,0,0.57,0.36,0,0,1
1618601888548,0.85,0,0.57,0.36,0,0,1
1618601893562,0.85,0,0.57,0.36,0,0,1
1618601898565,0.85,0,0.57,0.36,0,0,1
1618601903568,0.85,0,0.57,0.36,0,0,1
1618601908572,0.85,0,0.57,0.36,0,0,1
1618601913574,0.85,0,0.57,0.36,0,0,1
1618601918577,0.85,0,0.57,0.36,0,0,1
1618601923580,0.85,0,0.57,0.36,0,0,1
1618601928583,0.85,0,0.57,0.36,0,0,1
1618601933585,0.85,0,0.57,0.36,0,0,1
1618601938588,0.85,0,0.57,0.36,0,0,1
1618601943591,0.85,0,0.57,0.36,0,0,1
1618601948594,0.85,0,0.57,0.36,0,0,1
1618601953596,0.85,0,0.57,0.36,0,0,1
1618601958599,0.85,0,0.57,0.36,0,0,1
1618601963602,0.85,0,0.57,0.36,0,0,1
1618601968605,0.85,0,0.57,0.36,0,0,1
1618601973612,0.85,0,0.57,0.36,0,0,1
1618601978615,0.85,0,0.57,0.36,0,0,1
1618601983619,0.85,0,0.57,0.36,0,0,1
1618601988622,0.85,0,0.57,0.36,0,0,1
1618601993625,0.85,0,0.57,0.36,0,0,1
1618601998628,0.85,0,0.57,0.36,0,0,1
1618602003632,0.85,0,0.57,0.36,0,0,1
1618602008635,0.85,0,0.57,0.36,0,0,1
1618602013638,0.85,0,0.57,0.36,0,0,1
1618602018642,0.85,0,0.57,0.36,0,0,1
1618602023644,0.85,0,0.57,0.36,0,0,1
1618602028647,0.85,0,0.57,0.36,0,0,1
1618602033650,0.85,0,0.57,0.36,0,0,1
1618602038653,0.85,0,0.57,0.36,0,0,1
1618602043656,0.85,0,0.57,0.36,0,0,1
1618602048658,0.85,0,0.57,0.36,0,0,1
1618602053663,0.85,0,0.57,0.36,0,0,1
1618602058665,0.85,0,0.57,0.36,0,0,1
1618602063668,0.85,0,0.57,0.36,0,0,1
1618602068671,0.85,0,0.57,0.36,0,0,1
1618602073674,0.85,0,0.57,0.36,0,0,1
1618602078676,0.85,0,0.57,0.36,0,0,1
1618602083679,0.85,0,0.57,0.36,0,0,1
1618602088682,0.85,0,0.57,0.36,0,0,1
1618602093685,0.85,0,0.57,0.36,0,0,1
1618602098688,0.85,0,0.57,0.36,0,0,1
1618602103691,0.85,0,0.57,0.36,0,0,1
1618602108695,0.85,0,0.57,0.36,0,0,1
1618602113698,0.85,0,0.57,0.36,0,0,1
1618602118702,0.85,0,0.57,0.36,0,0,1
1618602123705,0.85,0,0.57,0.36,0,0,1
1618602128707,0.85,0,0.57,0.36,0,0,1
1618602133710,0.85,0,0.57,0.36,0,0,1
1618602138713,0.85,0,0.57,0.36,0,0,1
1618602143716,0.85,0,0.57,0.36,0,0,1
1618602148719,0.85,0,0.57,0.36,0,0,1
1618602153722,0.85,0,0.57,0.36,0,0,1
1618602158725,0.85,0,0.57,0.36,0,0,1
1618602163728,0.85,0,0.57,0.36,0,0,1
1618602168732,0.85,0,0.57,0.36,0,0,1
1618602173735,0.85,0,0.57,0.36,0,0,1
1618602178738,0.85,0,0.57,0.36,0,0,1
1618602183742,0.85,0,0.57,0.36,0,0,1
1618602188744,0.85,0,0.57,0.36,0,0,1
1618602193747,0.85,0,0.57,0.36,0,0,1
1618602198750,0.85,0,0.57,0.36,0,0,1
1618602203753,0.85,0,0.57,0.36,0,0,1
1618602208756,0.85,0,0.57,0.36,0,0,1
1618602213759,0.85,0,0.57,0.36,0,0,1
1618602218762,0.85,0,0.57,0.36,0,0,1
1618602223765,0.85,0,0.57,0.36,0,0,1
1618602228768,0.85,0,0.57,0.36,0,0,1
1618602233772,0.85,0,0.57,0.36,0,0,1
1618602238775,0.85,0,0.57,0.36,0,0,1
1618602243781,0.85,0,0.57,0.36,0,0,1
1618602248784,0.85,0,0.57,0.36,0,0,1
1618602253787,0.85,0,0.57,0.36,0,0,1
1618602258790,0.85,0,0.57,0.36,0,0,1
1618602263793,0.85,0,0.57,0.36,0,0,1
1618602268796,0.85,0,0.57,0.36,0,0,1
1618602273798,0.85,0,0.57,0.36,0,0,1
1618602278803,0.85,0,0.57,0.36,0,0,1
1618602283806,0.85,0,0.57,0.36,0,0,1
1618602288809,0.85,0,0.57,0.36,0,0,1
1618602293812,0.85,0,0.57,0.36,0,0,1
1618602298815,0.85,0,0.57,0.36,0,0,1
1618602303818,0.85,0,0.57,0.36,0,0,1
1618602308822,0.85,0,0.57,0.36,0,0,1
1618602313824,0.85,0,0.57,0.36,0,0,1
1618602318827,0.85,0,0.57,0.36,0,0,1
1618602323832,0.85,0,0.57,0.36,0,0,1
1618602328835,0.85,0,0.57,0.36,0,0,1
1618602333837,0.85,0,0.57,0.36,0,0,1
1618602338841,0.85,0,0.57,0.36,0,0,1
1618602343844,0.85,0,0.57,0.36,0,0,1
1618602348850,0.85,0,0.57,0.36,0,0,1
1618602353854,0.85,0,0.57,0.36,0,0,1
1618602358857,0.85,0,0.57,0.36,0,0,1
1618602363860,0.85,0,0.57,0.36,0,0,1
1618602368863,0.85,0,0.57,0.36,0,0,1
1618602373866,0.85,0,0.57,0.36,0,0,1
1618602378869,0.85,0,0.57,0.36,0,0,1
1618602383872,0.85,0,0.57,0.36,0,0,1
1618602388874,0.85,0,0.57,0.36,0,0,1
1618602393877,0.85,0,0.57,0.36,0,0,1
1618602398881,0.85,0,0.57,0.36,0,0,1
1618602403891,0.85,0,0.57,0.36,0,0,1
1618602408894,0.85,0,0.57,0.36,0,0,1
1618602413897,0.85,0,0.57,0.36,0,0,1
1618602418900,0.85,0,0.57,0.36,0,0,1
1618602423903,0.85,0,0.57,0.36,0,0,1
1618602428906,0.85,0,0.57,0.36,0,0,1
1618602433909,0.85,0,0.57,0.36,0,0,1
1618602438913,0.85,0,0.57,0.36,0,0,1
1618602443916,0.85,0,0.57,0.36,0,0,1
1618602448919,0.85,0,0.57,0.36,0,0,1
1618602453922,0.85,0,0.57,0.36,0,0,1
1618602458925,0.85,0,0.57,0.36,0,0,1
1618602463928,0.85,0,0.57,0.36,0,0,1
1618602468932,0.85,0,0.57,0.36,0,0,1
1618602473935,0.85,0,0.57,0.36,0,0,1
1618602478938,0.85,0,0.57,0.36,0,0,1
1618602483942,0.85,0,0.57,0.36,0,0,1
1618602488945,0.85,0,0.57,0.36,0,0,1
1618602493948,0.85,0,0.57,0.36,0,0,1
1618602498952,0.85,0,0.57,0.36,0,0,1
1618602503955,0.85,0,0.57,0.36,0,0,1
1618602508958,0.85,0,0.57,0.36,0,0,1
1618602513963,0.85,0,0.57,0.36,0,0,1
1618602518966,0.85,0,0.57,0.36,0,0,1
1618602523971,0.85,0,0.57,0.36,0,0,1
1618602528974,0.85,0,0.57,0.36,0,0,1
1618602533977,0.85,0,0.57,0.36,0,0,1
1618602538979,0.85,0,0.57,0.36,0,0,1
1618602543982,0.85,0,0.57,0.36,0,0,1
1618602548985,0.85,0,0.57,0.36,0,0,1
1618602553987,0.85,0,0.57,0.36,0,0,1
1618602558992,0.85,0,0.57,0.36,0,0,1
1618602563995,0.85,0,0.57,0.36,0,0,1
1618602568997,0.85,0,0.57,0.36,0,0,1
1618602574002,0.85,0,0.57,0.36,0,0,1
1618602579004,0.85,0,0.57,0.36,0,0,1
1618602584012,0.85,0,0.57,0.36,0,0,1
1618602589015,0.85,0,0.57,0.36,0,0,1
1618602594017,0.85,0,0.57,0.36,0,0,1
1618602599020,0.85,0,0.57,0.36,0,0,1
1618602604023,0.85,0,0.57,0.36,0,0,1
1618602609026,0.85,0,0.57,0.36,0,0,1
1618602614028,0.85,0,0.57,0.36,0,0,1
1618602619033,0.85,0,0.57,0.36,0,0,1
1618602624035,0.85,0,0.57,0.36,0,0,1
1618602629038,0.85,0,0.57,0.36,0,0,1
1618602634048,0.85,0,0.57,0.36,0,0,1
1618602639054,0.85,0,0.57,0.36,0,0,1
1618602644061,0.85,0,0.57,0.36,0,0,1
1618602649072,0.85,0,0.57,0.36,0,0,1
1618602654082,0.85,0,0.57,0.36,0,0,1
1618602659085,0.85,0,0.57,0.36,0,0,1
1618602664088,0.85,0,0.57,0.36,0,0,1
1618602669092,0.85,0,0.57,0.36,0,0,1
1618602674095,0.85,0,0.57,0.36,0,0,1
1618602679098,0.85,0,0.57,0.36,0,0,1
1618602684103,0.85,0,0.57,0.36,0,0,1
1618602689105,0.85,0,0.57,0.36,0,0,1
1618602694108,0.85,0,0.57,0.36,0,0,1
1618602699112,0.85,0,0.57,0.36,0,0,1
1618602704118,0.85,0,0.57,0.36,0,0,1
1618602709123,0.85,0,0.57,0.36,0,0,1
1618602714131,0.85,0,0.57,0.36,0,0,1
1618602719134,0.85,0,0.57,0.36,0,0,1
1618602724137,0.85,0,0.57,0.36,0,0,1
1618602729140,0.85,0,0.57,0.36,0,0,1
1618602734143,0.85,0,0.57,0.36,0,0,1
1618602739146,0.85,0,0.57,0.36,0,0,1
1618602744148,0.85,0,0.57,0.36,0,0,1
1618602749151,0.85,0,0.57,0.36,0,0,1
1618602754154,0.85,0,0.57,0.36,0,0,1
1618602759157,0.85,0,0.57,0.36,0,0,1
1618602764159,0.85,0,0.57,0.36,0,0,1
1618602769162,0.85,0,0.57,0.36,0,0,1
1618602774166,0.85,0,0.57,0.36,0,0,1
1618602779168,0.85,0,0.57,0.36,0,0,1
1618602784171,0.85,0,0.57,0.36,0,0,1
1618602789174,0.85,0,0.57,0.36,0,0,1
1618602794177,0.85,0,0.57,0.36,0,0,1
1618602799179,0.85,0,0.57,0.36,0,0,1
1618602804182,0.85,0,0.57,0.36,0,0,1
1618602809185,0.85,0,0.57,0.36,0,0,1
1618602814192,0.85,0,0.57,0.36,0,0,1
1618602819196,0.85,0,0.57,0.36,0,0,1
1618602824201,0.85,0,0.57,0.36,0,0,1
1618602829204,0.85,0,0.57,0.36,0,0,1
1618602834207,0.85,0,0.57,0.36,0,0,1
1618602839210,0.85,0,0.57,0.36,0,0,1
1618602844213,0.85,0,0.57,0.36,0,0,1
1618602849216,0.85,0,0.57,0.36,0,0,1
1618602854221,0.85,0,0.57,0.36,0,0,1
1618602859224,0.85,0,0.57,0.36,0,0,1
1618602864227,0.85,0,0.57,0.36,0,0,1
1618602869230,0.85,0,0.57,0.36,0,0,1
1618602874233,0.85,0,0.57,0.36,0,0,1
1618602879236,0.85,0,0.57,0.36,0,0,1
1618602884239,0.85,0,0.57,0.36,0,0,1
1618602889243,0.85,0,0.57,0.36,0,0,1
1618602894249,0.85,0,0.57,0.36,0,0,1
1618602899253,0.85,0,0.57,0.36,0,0,1
1618602904257,0.85,0,0.57,0.36,0,0,1
1618602909260,0.85,0,0.57,0.36,0,0,1
1618602914263,0.85,0,0.57,0.36,0,0,1
1618602919266,0.85,0,0.57,0.36,0,0,1
1618602924269,0.85,0,0.57,0.36,0,0,1
1618602929272,0.85,0,0.57,0.36,0,0,1
1618602934275,0.85,0,0.57,0.36,0,0,1
1618602939278,0.85,0,0.57,0.36,0,0,1
1618602944282,0.85,0,0.57,0.36,0,0,1
1618602949291,0.85,0,0.57,0.36,0,0,1
1618602954294,0.85,0,0.57,0.36,0,0,1
1618602959297,0.85,0,0.57,0.36,0,0,1
1618602964300,0.85,0,0.57,0.36,0,0,1
1618602969303,0.85,0,0.57,0.36,0,0,1
1618602974306,0.85,0,0.57,0.36,0,0,1
1618602979309,0.85,0,0.57,0.36,0,0,1
1618602984312,0.85,0,0.57,0.36,0,0,1
1618602989315,0.85,0,0.57,0.36,0,0,1
1618602994317,0.85,0,0.57,0.36,0,0,1
1618602999321,0.85,0,0.57,0.36,0,0,1
1618603004324,0.85,0,0.57,0.36,0,0,1
1618603009327,0.85,0,0.57,0.36,0,0,1
1618603014330,0.85,0,0.57,0.36,0,0,1
1618603019333,0.85,0,0.57,0.36,0,0,1
1618603024336,0.85,0,0.57,0.36,0,0,1
1618603029339,0.85,0,0.57,0.36,0,0,1
1618603034342,0.85,0,0.57,0.36,0,0,1
1618603039345,0.85,0,0.57,0.36,0,0,1
1618603044347,0.85,0,0.57,0.36,0,0,1
1618603049350,0.85,0,0.57,0.36,0,0,1
1618603054353,0.85,0,0.57,0.36,0,0,1
1618603059356,0.85,0,0.57,0.36,0,0,1
1618603064358,0.85,0,0.57,0.36,0,0,1
1618603069361,0.85,0,0.57,0.36,0,0,1
1618603074364,0.85,0,0.57,0.36,0,0,1
1618603079367,0.85,0,0.57,0.36,0,0,1
1618603084371,0.85,0,0.57,0.36,0,0,1
1618603089374,0.85,0,0.57,0.36,0,0,1
1618603094377,0.85,0,0.57,0.36,0,0,1
1618694443414,0,0.83,0.78,0,0,0.18,1
1618694448505,0,0.83,0.74,0,0,0.2,1
1618694453526,0,0.88,0.74,0,0,0.2,1
1618694458544,0,0.88,0.7,0,0,0.23,1
1618694463550,0,0.88,0.7,0,0,0.23,1
1618694468562,0,0.88,0.66,0,0,0.26,1
1618694473575,0,0.88,0.66,0,0,0.26,1
1618694478580,0,0.88,0.63,0,0,0.28,1
1618694483606,0,0.88,0.63,0,0,0.28,1
1618694488634,0,1.03,0.59,0,0,0.28,1
1618694493654,0,1.03,0.59,0,0,0.31,1
1618694498672,0,1.05,0.56,0,0,0.31,1
1618694503687,0,1.05,0.56,0,0,0.34,1
1618694508716,0,0.99,0.56,0,0,0.34,1
1618694513732,0,0.99,0.52,0,0,0.37,1
1618694518742,0,0.92,0.52,0,0,0.37,1
1618694523762,0,0.92,0.49,0,0,0.4,1
1618694528787,0,0.83,0.49,0,0,0.4,1
1618694533801,0,0.83,0.46,0,0,0.43,1
1618694538822,0,0.83,0.46,0,0,0.43,1
1618694543842,0,0.83,0.43,0,0,0.46,1
1618694548857,0,0.85,0.43,0,0,0.46,1
1618694553871,0,0.85,0.4,0,0,0.5,1
1618694558884,0,0.87,0.4,0,0,0.5,1
1618694563913,0,0.87,0.39,0,0,0.53,1
1618694568924,0,0.87,0.39,0,0,0.53,1
1618694573932,0,0.75,0.37,0,0,0.53,1
1618694578946,0,0.75,0.37,0,0,0.56,1
1618694583963,0,0.72,0.36,0,0,0.56,1
1618694588972,0,0.72,0.36,0,0,0.59,1
1618694593982,0,0.78,0.36,0,0,0.59,1
1618694598992,0,0.78,0.35,0,0,0.62,1
1618694604002,0,0.81,0.35,0,0,0.62,1
1618694609025,0,0.81,0.34,0,0,0.66,1
1618694614043,0,0.73,0.34,0,0,0.66,1
1618694619088,0,0.73,0.33,0,0,0.69,1
1618694624120,0,0.79,0.33,0,0,0.69,1
1618694629126,0,0.79,0.33,0,0,0.73,1
1618694634143,0,0.62,0.33,0,0,0.73,1
1618694639161,0,0.62,0.33,0,0,0.76,1
1618694644180,0,0.57,0.33,0,0,0.76,1
1618694649192,0,0.57,0.33,0,0,0.79,1
1618694654197,0,0.57,0.33,0,0,0.79,1
1618694659212,0,0.56,0.34,0,0,0.79,1
1618694664222,0,0.56,0.34,0,0,0.82,1
1618694669239,0,0.57,0.34,0.01,0,0.82,1
1618694674270,0,0.57,0.34,0.01,0,0.85,1
1618694679284,0,0.61,0.35,0.01,0,0.85,1
1618694684302,0,0.61,0.35,0.01,0,0.88,1
1618694689307,0,0.61,0.36,0.01,0,0.88,1
1618694694324,0,0.61,0.36,0.01,0,0.91,1
1618694699342,0,0.59,0.37,0.01,0,0.91,1
1618694704353,0,0.59,0.37,0.01,0,0.93,1
1618694709363,0,0.48,0.38,0.01,0,0.93,1
1618694714368,0,0.48,0.38,0.01,0,0.97,1
1618694719382,0,0.44,0.39,0.01,0,0.97,1
1618694724392,0,0.44,0.39,0.01,0,0.99,1
1618694729407,0,0.36,0.4,0.01,0,0.99,1
1618694734422,0,0.36,0.4,0.01,0,1.01,1
1618694739441,0,0.36,0.4,0.01,0,1.01,1
1618694744473,0,0.33,0.4,0.02,0,1.01,1
1618694749485,0,0.33,0.42,0.02,0,1.03,1
1618694754502,0,0.28,0.42,0.02,0,1.03,1
1618694759512,0,0.28,0.42,0.02,0,1.04,1
1618694764537,0,0.26,0.43,0.02,0,1.04,1
1618694769572,0,0.26,0.43,0.02,0,1.06,0
1618694774585,0,0.22,0.43,0.03,0,1.06,0
1618694779602,0,0.22,0.43,0.03,0,1.08,0
1618694784624,0,0.19,0.44,0.03,0,1.08,0
1618694789638,0,0.19,0.44,0.03,0,1.08,0
1618694794652,0,0.16,0.45,0.03,0,1.08,0
1618694799672,0,0.16,0.45,0.03,0,1.09,0
1618694804687,0,0.11,0.46,0.03,0,1.09,0
1618694809703,0,0.11,0.46,0.03,0,1.1,0
1618694814712,0,0.09,0.46,0.03,0,1.1,0
1618694819721,0,0.09,0.46,0.04,0,1.1,0
1618694824732,0,0.09,0.47,0.04,0,1.1,0
1618694829753,0,0.08,0.47,0.04,0,1.1,0
1618694834759,0,0.08,0.47,0.04,0,1.09,0
1618694839772,0,0.05,0.47,0.08,0,1.09,0
1618694844780,0,0.05,0.47,0.08,0,1.1,0
1618694849796,0,0.03,0.47,0.12,0,1.1,0
1618694854812,0,0.03,0.47,0.12,0,1.09,0
1618694859855,0,0,0.47,0.13,0,1.09,0
1618694864869,0,0,0.47,0.13,0,1.09,0
1618694869882,0,0,0.47,0.13,0,1.09,0
1618694874893,0,0,0.47,0.17,0,1.06,0
1618694879901,0,0,0.47,0.17,0,1.06,0
1618694884911,0,0,0.47,0.19,0,1.05,0
1618694889921,0,0,0.47,0.19,0,1.05,0
1618694894934,0,0,0.47,0.22,0,1.04,1
1618694899944,0,0,0.47,0.22,0,1.04,1
1618694904985,0,0,0.47,0.24,0,1.03,1
1618694909996,0,0,0.48,0.24,0,1.03,1
1618694915011,0,0,0.48,0.24,0,1.03,1
1618694920021,0,0,0.48,0.3,0,1.01,1
1618694925032,0,0,0.48,0.3,0,1.01,1
1618694930043,0,0,0.48,0.31,0,1,1
1618694935052,0,0,0.47,0.31,0,1,1
1618694940064,0,0,0.47,0.31,0,0.99,1
1618694945082,0,0,0.47,0.33,0,0.99,1
1618694950092,0,0,0.47,0.33,0,0.96,1
1618694955102,0,0,0.47,0.36,0,0.96,1
1618694960112,0,0,0.47,0.36,0,0.95,1
1618694965122,0,0,0.47,0.38,0,0.95,1
1618694970132,0,0,0.47,0.38,0,0.93,1
1618694975142,0,0,0.47,0.41,0,0.93,1
1618694980151,0,0,0.47,0.41,0,0.91,1
1618694985163,0,0,0.47,0.42,0,0.91,1
1618694990184,0,0,0.47,0.42,0,0.88,1
1618694995191,0,0,0.48,0.41,0,0.88,1
1618695000201,0,0,0.48,0.41,0,0.88,1
1618695005211,0,0,0.48,0.46,0,0.86,1
1618695010221,0,0,0.48,0.46,0,0.86,1
1618695015242,0,0,0.48,0.48,0,0.85,1
1618695020251,0,0,0.48,0.48,0,0.85,1
1618695025261,0,0,0.48,0.5,0,0.82,1
1618695030271,0,0,0.49,0.5,0,0.82,1
1618695035281,0,0,0.49,0.5,0,0.8,1
1618695040291,0,0,0.5,0.52,0,0.8,1
1618695045302,0,0,0.5,0.52,0,0.78,1
1618695050311,0,0,0.51,0.55,0,0.78,1
1618695055321,0,0,0.51,0.55,0,0.76,1
1618695060332,0,0,0.52,0.63,0,0.76,1
1618695065342,0,0,0.52,0.63,0,0.74,1
1618695070352,0,0,0.53,0.67,0,0.74,1
1618695075371,0,0,0.53,0.67,0,0.72,1
1618695080382,0,0,0.55,0.71,0,0.72,1
1618695085392,0,0,0.55,0.71,0,0.72,1
1618695090412,0,0,0.57,0.71,0,0.7,1
1618695095423,0,0,0.57,0.71,0,0.7,1
1618695100432,0,0,0.57,0.7,0,0.68,1
1618695105464,0,0,0.58,0.7,0,0.68,1
1618695110484,0,0,0.58,0.7,0,0.66,1
1618695115501,0.01,0,0.6,0.7,0,0.66,1
1618695120518,0.01,0,0.6,0.7,0,0.64,1
1618695125529,0.01,0,0.63,0.7,0,0.64,1
1618695130542,0.01,0,0.63,0.7,0,0.62,1
1618695135547,0.01,0,0.65,0.64,0,0.62,1
1618695140562,0.01,0,0.65,0.64,0,0.6,1
1618695145572,0.01,0,0.67,0.58,0,0.6,1
1618695150582,0.01,0,0.67,0.58,0,0.58,1
1618695155592,0.01,0,0.69,0.59,0,0.58,1
1618695160602,0,0,0.69,0.59,0,0.57,1
1618695165614,0,0,0.71,0.6,0,0.57,1
1618695170624,0.01,0,0.71,0.6,0,0.57,1
1618695175642,0.01,0,0.74,0.56,0,0.55,1
1618695180652,0.01,0,0.74,0.56,0,0.55,1
1618695185661,0.01,0,0.74,0.56,0,0.53,1
1618695190670,0.01,0,0.77,0.56,0,0.53,1
1618695195682,0.01,0,0.77,0.61,0,0.51,1
1618695200691,0.01,0,0.79,0.61,0,0.51,1
1618695205701,0.01,0,0.79,0.61,0,0.5,1
1618695210723,0.01,0,0.82,0.59,0,0.5,1
1618695215731,0.01,0,0.82,0.59,0,0.48,1
1618695220741,0.01,0,0.85,0.59,0,0.48,1
1618695225746,0.01,0,0.85,0.59,0,0.46,1
1618695230756,0.01,0,0.88,0.54,0,0.46,1
1618695235768,0.01,0,0.88,0.54,0,0.44,1
1618695240778,0.01,0,0.9,0.5,0,0.44,1
1618695245788,0.01,0,0.9,0.5,0,0.42,1
1618695250810,0.01,0,0.92,0.5,0,0.42,1
1618695255833,0.01,0,0.92,0.5,0,0.42,1
1618695260838,0.01,0,0.95,0.47,0,0.41,1
1618695265852,0.01,0,0.95,0.47,0,0.41,1
1618695270861,0.01,0,0.95,0.44,0,0.39,1
1618695275872,0.01,0,0.97,0.44,0,0.39,1
1618695280883,0.01,0,0.97,0.42,0,0.38,1
1618695285899,0.01,0,1,0.42,0,0.38,1
1618695290924,0.01,0,1,0.42,0,0.36,1
1618695295942,0.01,0,1.02,0.37,0,0.36,1
1618695300952,0.01,0,1.02,0.37,0,0.34,1
1618695305962,0.02,0,1.04,0.35,0,0.34,1
1618695310974,0.02,0,1.04,0.35,0,0.32,1
1618695315991,0.02,0,1.06,0.33,0,0.32,1
1618695321001,0.01,0,1.06,0.33,0,0.29,1
1618695326011,0.01,0,1.08,0.3,0,0.29,1
1618695331032,0.01,0,1.08,0.3,0,0.28,1
1618695336041,0.01,0,1.1,0.26,0,0.28,1
1618695341051,0.02,0,1.1,0.26,0,0.28,1
1618695346061,0.02,0,1.11,0.24,0,0.26,1
1618695351071,0.02,0,1.11,0.24,0,0.26,1
1618695356081,0.02,0,1.11,0.22,0,0.24,1
1618695361092,0.01,0,1.13,0.22,0,0.24,1
1618695366101,0.01,0,1.13,0.2,0,0.23,1
1618695371111,0.02,0,1.15,0.2,0,0.23,1
1618695376121,0.02,0,1.15,0.2,0,0.21,1
1618695381131,0.02,0,1.17,0.19,0,0.21,1
1618695386136,0.02,0,1.17,0.19,0,0.19,1
1618695391158,0.02,0,1.18,0.17,0,0.19,1
1618695396174,0.02,0,1.18,0.17,0,0.17,1
1618695401192,0.02,0,1.19,0.17,0,0.17,1
1618695406215,0.01,0,1.19,0.17,0,0.15,1
1618695411226,0.01,0,1.2,0.16,0,0.15,1
1618695416231,0.01,0,1.2,0.16,0,0.13,1
1618695421249,0.01,0,1.21,0.16,0,0.13,1
1618695426255,0.01,0.01,1.21,0.16,0,0.13,1
1618695431272,0.01,0.01,1.22,0.15,0,0.09,1
1618695436282,0.01,0.02,1.22,0.15,0,0.09,1
1618695441292,0.01,0.02,1.22,0.14,0,0.05,1
1618695446303,0.02,0.03,1.23,0.14,0,0.05,1
1618695451311,0.02,0.03,1.23,0.13,0,0.03,1
1618695456316,0.01,0.03,1.23,0.13,0,0.03,1
1618695461332,0.01,0.03,1.23,0.13,0,0.02,1
1618695466342,0.01,0.03,1.23,0.12,0,0.02,1
1618695471352,0.01,0.03,1.23,0.12,0,0.02,1
1618695476363,0.02,0.03,1.24,0.12,0,0.02,1
1618695481372,0.02,0.03,1.24,0.12,0,0.02,1
1618695486381,0.02,0.03,1.24,0.12,0,0.02,1
1618695491402,0.02,0.03,1.24,0.12,0,0.01,1
1618695496411,0.02,0.03,1.24,0.12,0,0.01,1
1618695501421,0.01,0.03,1.24,0.12,0,0,1
1618695506432,0.01,0.03,1.23,0.12,0,0,1
1618695511442,0.04,0.03,1.23,0.12,0,0,1
1618695516451,0.04,0.03,1.23,0.11,0,0,1
1618695521461,0.05,0.03,1.23,0.11,0,0,1
1618695526466,0.05,0.03,1.23,0.11,0,0,1
1618695531479,0.05,0.03,1.22,0.11,0,0,1
1618695536490,0.05,0.03,1.22,0.11,0,0,1
1618695541501,0.07,0.03,1.22,0.11,0,0,1
1618695546511,0.07,0.03,1.22,0.11,0,0,1
1618695551524,0.07,0.03,1.21,0.11,0,0,1
1618695556536,0.07,0.03,1.21,0.11,0,0,1
1618695561568,0.09,0.03,1.2,0.11,0,0,1
1618695566573,0.09,0.03,1.2,0.11,0,0,1
1618695571603,0.09,0.03,1.19,0.11,0,0,1
1618695576611,0.1,0.03,1.19,0.11,0,0,1
1618695581621,0.1,0.03,1.18,0.12,0,0,1
1618695586631,0.12,0.03,1.18,0.12,0,0,1
1618695591641,0.12,0.03,1.18,0.12,0,0,1
1618695596646,0.13,0.03,1.18,0.12,0,0,1
1618695601661,0.13,0.03,1.16,0.12,0,0,1
1618695606672,0.15,0.02,1.16,0.12,0,0,1
1618695611684,0.15,0.02,1.16,0.12,0,0,1
1618695616692,0.17,0.02,1.14,0.12,0,0,1
1618695621702,0.17,0.02,1.14,0.11,0,0,1
1618695626713,0.19,0.02,1.14,0.11,0,0,1
1618695631718,0.19,0.02,1.14,0.11,0,0,1
1618695636731,0.22,0.02,1.13,0.12,0,0,1
1618695641741,0.22,0.02,1.13,0.12,0,0,1
1618695646751,0.24,0.01,1.11,0.12,0,0,1
1618695651761,0.24,0.01,1.11,0.12,0,0,1
1618695656782,0.24,0.01,1.1,0.12,0,0,1
1618695661791,0.26,0.01,1.1,0.12,0,0,1
1618695666795,0.26,0,1.1,0.12,0,0,1
1618695671811,0.28,0,1.1,0.12,0,0,1
1618695676821,0.28,0,1.07,0.13,0,0,1
1618695681831,0.31,0.01,1.07,0.13,0,0,1
1618695686849,0.31,0.01,1.06,0.13,0,0,1
1618695691862,0.33,0.01,1.06,0.13,0,0,1
1618695696872,0.33,0.01,1.06,0.13,0,0,1
1618695701876,0.35,0.01,1.05,0.13,0,0,1
1618695706887,0.35,0.01,1.05,0.14,0,0,1
1618695711898,0.38,0,1.04,0.14,0,0,1
1618695716912,0.38,0,1.04,0.14,0,0,1
1618695721921,0.39,0.01,1.02,0.14,0,0,1
1618695726943,0.39,0.01,1.02,0.14,0,0,1
1618695731958,0.42,0,1.01,0.14,0,0,1
1618695736963,0.42,0,1.01,0.14,0,0,1
1618695741971,0.42,0,0.99,0.15,0,0,1
1618695746981,0.44,0,0.99,0.15,0,0,1
1618695751992,0.44,0,0.98,0.14,0,0,1
1618695757003,0.46,0,0.98,0.14,0,0,1
1618695762013,0.46,0,0.64,0.15,0,0,1
1618695767025,0.48,0,0.64,0.15,0,0,1
1618695772041,0.48,0,0.94,0.16,0,0,1
1618695777051,0.5,0,0.94,0.16,0,0,1
1618695782062,0.5,0,0.94,0.15,0,0,1
1618695787072,0.52,0,0.94,0.15,0,0,1
1618695792076,0.52,0,0.94,0.14,0,0,1
1618695797087,0.54,0,0.92,0.14,0,0,1
1618695802095,0.54,0,0.92,0.14,0,0,1
1618695807104,0.56,0,0.91,0.15,0,0,1
1618695812111,0.56,0,0.91,0.15,0,0,1
1618695817121,0.59,0,0.88,0.15,0,0,1
1618695822131,0.59,0,0.88,0.15,0,0,1
1618695827141,0.59,0,0.87,0.15,0,0,1
1618695832151,0.6,0,0.87,0.15,0,0,1
1618695837162,0.6,0,0.85,0.16,0,0,1
1618695842171,0.62,0,0.85,0.16,0,0,1
1618695847181,0.62,0,0.84,0.16,0,0,1
1618695852186,0.64,0,0.84,0.16,0,0,1
1618695857209,0.64,0,0.82,0.16,0,0,1
1618695862221,0.66,0,0.82,0.16,0,0,1
1618695867231,0.66,0,0.82,0.16,0,0,1
1618695872241,0.68,0,0.81,0.16,0,0,1
1618695877252,0.68,0,0.81,0.16,0,0,1
1618695882261,0.69,0,0.79,0.16,0,0,1
1618695887271,0.69,0,0.79,0.16,0,0,1
1618695892281,0.71,0,0.78,0.15,0,0,1
1618695897292,0.71,0,0.78,0.15,0,0,1
1618695902301,0.73,0,0.76,0.15,0,0,1
1618695907311,0.73,0,0.76,0.15,0,0,1
1618695912321,0.73,0,0.74,0.15,0,0,1
1618695917331,0.75,0,0.74,0.15,0,0,1
1618695922341,0.75,0,0.73,0.14,0,0,1
1618695927374,0.76,0,0.73,0.14,0,0,1
1618695932393,0.76,0,0.72,0.14,0,0,1
1618695937404,0.77,0,0.72,0.14,0,0,1
1618695942420,0.77,0,0.71,0.14,0,0,1
1618695947431,0.79,0,0.71,0.14,0,0,1
1618695952436,0.79,0,0.71,0.14,0,0,1
1618695957451,0.8,0,0.69,0.14,0,0,1
1618695962463,0.8,0,0.69,0.13,0,0,1
1618695967472,0.81,0.01,0.68,0.13,0,0,1
1618695972481,0.81,0.01,0.68,0.13,0,0,1
1618695977492,0.83,0.01,0.67,0.12,0,0,1
1618695982501,0.83,0.01,0.67,0.12,0,0,1
1618695987522,0.84,0.01,0.66,0.12,0,0,1
1618695992543,0.84,0.01,0.66,0.12,0,0,1
1618695997552,0.85,0.02,0.64,0.11,0,0,1
1618696002562,0.85,0.02,0.64,0.11,0,0,1
1618696007593,0.86,0.02,0.63,0.11,0,0,1
1618696012604,0.86,0.02,0.63,0.11,0,0,1
1618696017611,0.87,0.02,0.62,0.1,0,0,1
1618696022616,0.87,0.02,0.62,0.1,0,0,1
1618696027631,0.88,0.02,0.61,0.09,0,0,1
1618696032642,0.88,0.03,0.61,0.09,0,0,1
1618696037651,0.9,0.03,0.61,0.09,0,0,1
1618696042662,0.9,0.03,0.6,0.09,0,0,1
1618696047671,0.9,0.03,0.6,0.08,0,0,1
1618696052682,0.9,0.04,0.59,0.08,0,0,1
1618696057692,0.91,0.04,0.59,0.08,0,0,1
1618696062704,0.91,0.04,0.58,0.08,0,0,1
1618696067718,0.93,0.04,0.58,0.08,0,0,1
1618696072755,0.93,0.04,0.57,0.08,0,0,1
1618696077772,0.93,0.04,0.57,0.08,0,0,1
1618696082781,0.94,0.04,0.56,0.07,0,0,1
1618696087791,0.94,0.04,0.56,0.07,0,0,1
1618696092802,0.95,0.05,0.55,0.07,0,0,1
1618696097814,0.95,0.05,0.55,0.07,0,0,1
1618696102823,0.96,0.05,0.54,0.06,0,0,1
1618696107834,0.96,0.06,0.54,0.06,0,0,1
1618696112843,0.97,0.06,0.53,0.05,0,0,1
1618696117869,0.97,0.06,0.53,0.05,0,0,1
1618696122885,0.97,0.06,0.53,0.03,0,0,1
1618696127896,0.97,0.06,0.53,0.03,0,0,1
1618696132913,0.99,0.06,0.53,0.03,0,0,1
1618696137952,0.99,0.06,0.52,0.03,0,0,1
1618696142962,0.99,0.06,0.52,0.03,0,0,1
1618696147971,0.99,0.06,0.52,0.03,0,0,1
1618696152982,0.99,0.06,0.52,0.03,0,0,1
1618696157999,0.99,0.06,0.51,0.02,0,0,1
1618696163111,0.99,0.06,0.51,0.02,0,0,1
1618696168138,0.99,0.06,0.5,0.02,0,0,1
1618696173148,0.99,0.06,0.5,0.02,0,0,1
1618696178162,1,0.06,0.5,0.01,0,0,1
1618696183175,1,0.06,0.5,0.01,0,0,1
1618696188183,1,0.06,0.5,0.01,0,0,1
1618696193191,1,0.06,0.5,0.01,0,0,1
1618696198200,1,0.06,0.49,0.01,0,0,1
1618696203211,1,0.07,0.49,0.01,0,0,1
1618696208218,1.01,0.07,0.49,0.01,0,0,1
1618696213233,1.01,0.07,0.49,0.01,0,0,1
1618696218242,1.01,0.07,0.49,0.01,0,0,1
1618696223252,1.01,0.07,0.49,0.01,0,0,1
1618696228261,1.01,0.07,0.49,0.01,0,0,1
1618696233271,1.01,0.07,0.49,0.01,0,0,1
1618696238281,1.01,0.07,0.49,0.01,0,0,1
1618696243302,1.01,0.07,0.48,0.01,0,0,1
1618696248316,1.01,0.07,0.48,0.01,0,0,1
1618696253333,1,0.07,0.48,0.01,0,0,1
1618696258353,1,0.07,0.48,0.01,0,0,1
1618696263366,1,0.08,0.48,0,0,0,1
1618696268383,1,0.08,0.48,0,0,0,1
1618696273392,1.01,0.08,0.48,0.01,0,0,1
1618696278409,1.01,0.08,0.48,0.01,0,0,1
1618696283443,1.01,0.08,0.48,0.01,0,0,1
1618696288452,1.01,0.08,0.48,0.01,0,0,1
1618696293463,1.01,0.09,0.48,0.01,0,0,1
1618696298486,1.01,0.09,0.48,0.01,0,0,1
1618696303503,1,0.09,0.48,0.01,0,0,1
1618696308535,1,0.09,0.49,0.01,0,0,1
1618696313552,1.01,0.09,0.49,0.01,0,0,1
1618696318562,1.01,0.09,0.49,0.01,0,0,1
1618696323572,1,0.1,0.49,0.01,0,0,1
1618696328582,1,0.1,0.49,0,0,0,1
1618696333592,1,0.1,0.49,0,0,0,1
1618696338601,0.99,0.1,0.49,0.01,0,0,1
1618696343612,0.99,0.11,0.49,0.01,0,0,1
1618696348628,1,0.11,0.49,0,0,0,1
1618696353640,1,0.11,0.49,0,0,0,1
1618696358652,0.98,0.11,0.5,0,0,0,1
1618696363661,0.98,0.11,0.5,0,0,0,1
1618696368671,0.98,0.11,0.5,0,0,0,1
1618696373681,0.98,0.11,0.5,0,0,0,1
1618696378686,0.98,0.11,0.5,0,0,0,1
1618696383718,0.98,0.11,0.51,0,0,0,1
1618696388741,0.97,0.11,0.51,0,0,0,1
1618696393759,0.97,0.11,0.52,0,0,0,1
1618696398771,0.97,0.12,0.52,0,0,0,1
1618696403783,0.97,0.12,0.52,0,0,0,1
1618696408802,0.95,0.12,0.52,0,0,0,1
1618696413819,0.95,0.12,0.53,0,0,0,1
1618696418833,0.95,0.12,0.53,0,0,0,1
1618696423848,0.94,0.12,0.54,0,0,0,1
1618696428861,0.94,0.12,0.54,0,0,0,1
1618696433868,0.93,0.12,0.55,0,0,0,1
1618696438885,0.93,0.12,0.55,0,0,0,1
1618696443896,0.92,0.13,0.56,0,0,0,1
1618696448922,0.92,0.13,0.56,0,0,0,1
1618696453930,0.92,0.13,0.57,0,0,0,1
1618696458942,0.92,0.13,0.57,0,0,0,1
1618696463951,0.9,0.13,0.57,0,0,0,1
1618696468961,0.9,0.13,0.58,0,0,0,1
1618696473971,0.89,0.13,0.58,0,0,0,1
1618696478981,0.89,0.13,0.59,0,0,0,1
1618696483986,0.88,0.13,0.59,0,0,0,1
1618696489001,0.88,0.13,0.6,0,0,0,1
1618696494011,0.87,0.13,0.6,0,0,0,1
1618696499021,0.87,0.13,0.61,0,0,0,1
1618696504031,0.87,0.13,0.61,0,0,0,1
1618696509041,0.85,0.13,0.63,0,0,0,1
1618696514049,0.85,0.13,0.63,0,0,0,1
1618696519054,0.84,0.13,0.64,0,0,0,1
1618696524071,0.84,0.13,0.64,0,0,0,1
1618696529081,0.82,0.12,0.65,0,0,0,1
1618696534092,0.82,0.12,0.65,0,0,0,1
1618696539131,0.81,0.12,0.67,0,0,0,1
1618696544141,0.81,0.12,0.67,0,0,0,1
1618696549151,0.8,0.12,0.67,0,0,0,1
1618696554156,0.8,0.12,0.68,0,0,0,1
1618696559164,0.78,0.12,0.68,0,0,0,1
1618696564171,0.78,0.12,0.7,0,0,0,1
1618696569181,0.77,0.12,0.7,0,0,0,1
1618696574197,0.77,0.12,0.71,0,0,0,1
1618696579211,0.75,0.11,0.71,0,0,0,1
1618696584221,0.75,0.11,0.73,0,0,0,1
1618696589237,0.75,0.11,0.74,0,0,0,1
1618696594252,0.73,0.11,0.74,0,0,0,1
1618696599294,0.73,0.11,0.76,0,0,0,1
1618696604312,0.71,0.11,0.76,0,0,0,1
1618696609332,0.71,0.11,0.77,0,0,0,1
1618696614342,0.7,0.11,0.77,0,0,0,1
1618696619352,0.7,0.11,0.77,0,0,0,1
1618696624385,0.68,0.1,0.79,0.02,0,0,1
1618696629401,0.68,0.1,0.79,0.02,0,0,1
1618696634412,0.66,0.1,0.81,0.03,0,0,1
1618696639432,0.66,0.1,0.81,0.03,0,0,1
1618696644444,0.64,0.09,0.82,0.06,0,0,1
1618696649451,0.64,0.09,0.82,0.06,0,0,1
1618696654474,0.63,0.08,0.84,0.06,0,0,1
1618696659485,0.63,0.08,0.84,0.07,0,0,1
1618696664502,0.6,0.06,0.86,0.07,0,0,1
1618696669511,0.6,0.06,0.86,0.08,0,0,1
1618696674528,0.6,0.05,0.87,0.08,0,0,1
1618696679542,0.59,0.05,0.87,0.09,0,0,1
1618696684552,0.59,0.03,0.89,0.09,0,0,1
1618696689568,0.57,0.03,0.89,0.1,0,0,1
1618696694583,0.57,0.03,0.9,0.1,0,0,1
1618696699593,0.55,0.02,0.9,0.11,0,0,1
1618696704608,0.55,0.02,0.35,0.11,0,0,1
1618696709634,0.54,0.02,0.35,0.12,0,0,1
1618696714646,0.54,0.02,0.35,0.12,0,0,1
1618696719661,0.52,0.02,0.92,0.14,0,0,1
1618696724671,0.52,0.02,0.92,0.14,0,0,1
1618696729686,0.51,0.02,0.93,0.16,0,0,1
1618696734702,0.51,0.02,0.93,0.16,0,0,1
1618696739712,0.49,0.02,0.94,0.16,0,0,1
1618696744721,0.49,0.02,0.94,0.2,0,0,1
1618696749742,0.48,0.02,0.94,0.2,0,0,1
1618696754752,0.48,0.02,0.94,0.24,0,0,1
1618696759761,0.48,0.01,0.94,0.24,0,0,1
1618696764771,0.45,0.01,0.94,0.28,0,0,1
1618696769781,0.45,0.02,0.94,0.28,0,0,1
1618696774791,0.44,0.02,0.94,0.35,0,0,1
1618696779801,0.44,0.02,0.94,0.35,0,0,1
1618696784811,0.42,0.01,0.94,0.36,0,0,1
1618696789822,0.42,0.01,0.93,0.36,0,0,1
1618696794837,0.41,0.01,0.93,0.4,0,0,1
1618696799864,0.41,0.01,0.93,0.4,0,0,1
1618696804877,0.39,0.01,0.92,0.42,0,0,1
1618696809904,0.39,0.01,0.92,0.42,0,0,1
1618696814929,0.38,0.01,0.91,0.46,0,0,1
1618696819952,0.38,0.01,0.91,0.46,0,0,1
1618696824990,0.37,0.01,0.89,0.46,0,0,1
1618696830084,0.37,0.01,0.89,0.48,0,0,1
1618696835125,0.35,0,0.86,0.61,0,0,1
1618696840143,0.35,0,0.86,0.61,0,0,1
1618696845154,0.35,0,0.83,0.7,0,0,1
1618696850162,0.34,0,0.83,0.7,0,0,1
1618696855206,0.34,0,0.81,0.69,0,0,1
1618696860224,0.31,0,0.81,0.69,0,0,1
1618696865260,0.31,0,0.79,0.79,0,0,1
1618696870279,0.31,0,0.79,0.79,0,0,1
1618696875291,0.31,0,0.76,0.88,0,0,1
1618696880306,0.3,0,0.76,0.88,0,0,1
1618696885325,0.3,0,0.76,0.85,0,0,1
1618696890359,0.29,0,0.73,0.85,0,0,1
1618696895412,0.29,0,0.73,0.94,0,0,1
1618696900480,0.28,0,0.69,0.94,0,0,1
1618696905520,0.28,0,0.69,0.94,0,0,1
1618696910534,0.27,0,0.65,1,0,0,1
1618696915556,0.27,0,0.65,1,0,0,1
1618696920582,0.26,0,0.6,1.07,0,0,1
1618696925596,0.26,0,0.6,1.07,0,0,1
1618696930618,0.26,0,0.56,0.89,0,0,1
1618696935657,0.25,0,0.56,0.89,0,0,1
1618696940679,0.25,0,0.51,0.95,0,0,1
1618696945698,0.24,0,0.51,0.95,0,0,1
1618696950715,0.24,0,0.46,0.96,0,0,1
1618696955736,0.24,0,0.46,0.96,0,0,1
1618696960751,0.24,0,0.4,1.09,0,0,1
1618696965772,0.23,0,0.4,1.09,0,0,1
1618696970791,0.23,0,0.4,1.06,0,0,1
1618696975830,0.23,0,0.35,1.06,0,0,1
1618696980846,0.23,0,0.35,0.96,0,0,1
1618696985872,0.23,0,0.29,0.96,0,0,1
1618696990882,0.23,0,0.29,0.96,0,0,1
1618696995914,0.23,0,0.24,0.96,0,0,1
1618697000940,0.23,0,0.24,0.96,0,0,1
1618697005965,0.22,0,0.19,1.01,0,0,1
1618697011011,0.22,0,0.19,1.01,0,0,1
1618697016026,0.22,0,0.14,1.06,0,0,1
1618697021052,0.22,0,0.14,1.06,0,0,1
1618697026069,0.22,0,0.1,1.06,0,0,1
1618697031084,0.23,0,0.1,1.06,0,0,1
1618697036104,0.23,0,0.05,1.04,0,0,1
1618697041123,0.23,0,0.05,1.04,0.06,0,1
1618697046142,0.23,0,0.02,1.06,0.06,0,1
1618697051196,0.23,0,0.02,1.06,0.07,0,1
1618697056224,0.23,0,0.02,1.05,0.07,0,1
1618697061242,0.24,0,0.02,1.05,0.09,0,1
1618697066257,0.24,0,0.02,1.01,0.09,0,1
1618697071294,0.24,0,0.01,1.01,0.13,0,1
1618697076311,0.24,0,0.01,1.01,0.13,0,1
1618697081374,0.25,0,0.01,1.01,0.21,0,1
1618697086394,0.25,0,0.01,1.01,0.21,0,1
1618697091409,0.26,0,0.01,0.99,0.28,0,1
1618697096433,0.26,0,0.01,0.99,0.28,0,1
1618697101452,0.26,0,0.01,0.96,0.28,0,1
1618697106473,0.26,0,0.01,0.96,0.35,0,1
1618697111493,0.26,0,0,0.92,0.35,0,1
1618697116514,0.27,0,0,0.92,0.41,0,1
1618697121534,0.27,0,0,0.03,0.41,0,1
1618697126560,0.28,0,0,0.03,0.48,0,1
1618697131577,0.28,0,0,0.03,0.48,0,1
1618697136606,0.28,0,0,0.03,0.54,0,1
1618697141631,0.28,0,0,0.04,0.54,0,1
