CADC0884,CADC0885,CADC0886,CADC0887,CADC0888,CADC0889,CADC0890,CADC0891,CADC0892,CADC0893,CADC0894,CADC0895,CADC0900,CADC0901,CADC0902,CADC1002,CADC1003,CADC1004,CADC1005,
1620729035643,x,x,x,true,0.18617351,false,0.0,false,0.0,false,0.0,false,0.0,0.0,x,x,x,x,x
1620729040698,0.56465924,true,0.7396153,true,0.18617351,false,0.0,false,0.0,false,0.0,false,0.0,0.0,0.0,-0.38627553,0.3914801,-0.5614458,0.61820924
1620729046922,0.5941761,true,0.73342603,true,0.19402753,false,0.0,false,0.0,false,0.0,false,0.0,0.0,0.0,-0.3881623,0.37721962,-0.5657397,0.62189776
1620729051933,0.6310749,true,0.6939984,true,0.19402753,false,0.0,false,0.0,false,0.0,false,0.0,0.0,0.0,-0.3881623,0.37721962,-0.5657397,0.62189776
1620729056938,0.6310749,true,0.6939984,true,0.2097725,false,0.0,false,0.0,false,0.0,false,0.0,0.0,0.0,-0.3986153,0.35394555,-0.5708099,0.62189776
1620729061943,0.6310749,true,0.6939984,true,0.2097725,false,0.0,false,0.0,false,0.0,false,0.0,0.0,0.0,-0.3986153,0.35394555,-0.5708099,0.62398595
1620729066947,0.6620197,true,0.66744727,true,0.21240169,false,0.0,false,0.0,false,0.0,false,0.0,0.0,0.0,-0.40514404,0.35394555,-0.5708099,0.62398595
1620729071961,0.6620197,true,0.66744727,true,0.21240169,false,0.0,false,0.0,false,0.0,false,0.0,0.0,0.0,-0.40514404,0.33750778,-0.57561976,0.62398577
1620729076981,0.69016594,true,0.63858235,true,0.22557044,false,0.0,false,0.0,false,0.0,false,0.0,0.0,0.0,-0.41244468,0.33750778,-0.57561976,0.62398577
1620729081992,0.69016594,true,0.63858235,true,0.22557044,false,0.0,false,0.0,false,0.0,false,0.0,0.0,0.0,-0.41244468,0.3237607,-0.58157086,0.6215255
1620729087011,0.71898216,true,0.61874104,true,0.23349068,false,0.0,false,0.0,false,0.0,false,0.0,0.0,0.0,-0.41469094,0.3237607,-0.58157086,0.6215255
1620729092298,0.71898216,true,0.61874104,true,0.23349068,false,0.0,false,0.0,false,0.0,false,0.0,0.0,0.0,-0.41469094,0.30048043,-0.5907072,0.62091976
1620729097306,0.7448055,true,0.5936344,true,0.23349068,false,0.0,false,0.0,false,0.0,false,0.0,0.0,0.0,-0.41985002,0.30048043,-0.5907072,0.62091976
1620729102314,0.7448055,true,0.5936344,true,0.24407434,false,0.0,false,0.0,false,0.0,false,0.0,0.0,0.0,-0.41985002,0.30048043,-0.5965066,0.61952996
1620729107326,0.77125907,true,0.5635132,true,0.24407434,false,0.0,false,0.0,false,0.0,false,0.0,0.0,0.0,-0.4237714,0.2856403,-0.5965066,0.61952996
1620729112330,0.77125907,true,0.5635132,true,0.25203037,false,0.0,false,0.0,false,0.0,false,0.0,0.0,0.0,-0.4237714,0.2856403,-0.5965066,0.61582
1620729117345,0.79448664,true,0.5419636,true,0.25203037,false,0.0,false,0.0,false,0.0,false,0.0,0.0,0.0,-0.4306643,0.26976883,-0.60259444,0.61582
1620729122374,0.79448664,true,0.5419636,true,0.2573434,false,0.0,false,0.0,false,0.0,false,0.0,0.0,0.0,-0.4306643,0.26976883,-0.60259444,0.61582
1620729127379,0.83447874,true,0.51015085,true,0.2573434,false,0.0,false,0.0,false,0.0,false,0.0,0.0,0.0,-0.437266,0.24883157,-0.6118177,0.61037725
1620729132391,0.83447874,true,0.51015085,true,0.2626639,false,0.0,false,0.0,false,0.0,false,0.0,0.0,0.0,-0.437266,0.24883157,-0.6118177,0.61037725
1620729137401,0.83447874,true,0.4866598,true,0.2626639,false,0.0,false,0.0,false,0.0,false,0.0,0.0,0.0,-0.437266,0.24883157,-0.6177363,0.60861576
1620729142411,0.8551475,true,0.4866598,true,0.27065903,false,0.0,false,0.0,false,0.0,false,0.0,0.0,0.0,-0.43964326,0.2347028,-0.6177363,0.60861576
1620729147415,0.8551475,true,0.460896,true,0.27065903,false,0.0,false,0.0,false,0.0,false,0.0,0.0,0.0,-0.43964326,0.2347028,-0.6177363,0.60674936
1620729152686,0.88494074,true,0.460896,true,0.26799205,false,0.0,false,0.0,false,0.0,false,0.0,0.0,0.0,-0.4422631,0.2174197,-0.62400156,0.60674936
1620729157691,0.88494074,true,0.460896,true,0.27065903,false,0.0,false,0.0,false,0.0,false,0.0,0.0,0.0,-0.4422631,0.2174197,-0.62400156,0.60674936
1620729162695,0.90690225,true,0.43545777,true,0.27065903,false,0.0,false,0.0,false,0.0,false,0.0,0.0,0.0,-0.44529873,0.19811836,-0.6347799,0.5992032
1620729167701,0.90690225,true,0.43545777,true,0.27065903,false,0.0,false,0.0,false,0.0,false,0.0,0.0,0.0,-0.44529873,0.19811836,-0.6347799,0.5992032
1620729172705,0.92492515,true,0.4128186,true,0.27599892,false,0.0,false,0.0,false,0.0,false,0.0,0.0,0.0,-0.4477384,0.19811836,-0.64154345,0.5948559
1620729177711,0.92492515,true,0.4128186,true,0.27599892,false,0.0,false,0.0,false,0.0,false,0.0,0.0,0.0,-0.4477384,0.18350607,-0.64154345,0.5948559
1620729182715,0.95280015,true,0.39536494,true,0.27599892,false,0.0,false,0.0,false,0.0,false,0.0,0.0,0.0,-0.45041618,0.18350607,-0.64154345,0.59059316
1620729187719,0.95280015,true,0.39536494,true,0.27599892,false,0.0,false,0.0,false,0.0,false,0.0,0.0,0.0,-0.45041618,0.16764417,-0.647604,0.59059316
1620729192723,0.9720062,true,0.3657338,false,0.27332795,false,0.0,false,0.0,false,0.0,false,0.0,0.0,0.0,-0.4538281,0.16764417,-0.647604,0.59059316
1620729197726,0.9720062,true,0.3657338,false,0.27332795,false,0.0,false,0.0,false,0.0,false,0.0,0.0,0.0,-0.4538281,0.15530154,-0.6451725,0.5942648
1620729202741,1.0018768,true,0.33886498,false,0.2786719,false,0.0,false,0.0,false,0.0,false,0.0,0.0,0.0,-0.45493612,0.15530154,-0.6451725,0.5942648
1620729207751,1.0018768,true,0.33886498,false,0.2786719,false,0.0,false,0.0,false,0.0,false,0.0,0.0,0.0,-0.45493612,0.15530154,-0.6400296,0.5997947
1620729212756,1.0225899,true,0.3050296,false,0.27065903,false,0.0,false,0.0,false,0.0,false,0.0,0.0,0.0,-0.45810103,0.1488396,-0.6400296,0.5997947
1620729217761,1.0225899,true,0.3050296,false,0.27065903,false,0.0,false,0.0,false,0.0,false,0.0,0.0,0.0,-0.45810103,0.1488396,-0.6400296,0.6031365
1620729222764,1.0225899,true,0.27869743,false,0.26799205,false,0.0,false,0.0,false,0.0,false,0.0,0.0,0.0,-0.45810103,0.1416194,-0.63504475,0.6031365
1620729227768,1.0440305,true,0.27869743,false,0.26799205,false,0.0,false,0.0,false,0.0,false,0.0,0.0,0.0,-0.46429262,0.1416194,-0.63504475,0.6031365
1620729232780,1.0440305,true,0.24782985,false,0.2626639,false,0.0,false,0.0,false,0.0,false,0.0,0.0,0.0,-0.46429262,0.13377398,-0.62787944,0.6075009
1620729237801,1.0662929,true,0.24782985,false,0.2626639,false,0.0,false,0.0,false,0.0,false,0.0,0.0,0.0,-0.46893546,0.13377398,-0.62787944,0.6075009
1620729242898,1.0662929,true,0.24782985,false,0.2573434,false,0.0,false,0.0,false,0.0,false,0.0,0.0,0.0,-0.46893546,0.13377398,-0.6221993,0.6112538
1620729247909,1.0835967,true,0.22660223,false,0.2573434,false,0.0,false,0.0,false,0.0,false,0.0,0.0,0.0,-0.4728328,0.12759198,-0.6221993,0.6112538
1620729252933,1.0835967,true,0.22660223,false,0.24937658,false,0.0,false,0.0,false,0.0,false,0.0,0.0,0.0,-0.4728328,0.12759198,-0.6221993,0.61506784
1620729257940,1.1075896,true,0.20313682,false,0.24937658,false,0.0,false,0.0,false,0.0,false,0.0,0.0,0.0,-0.47731027,0.12246887,-0.61640686,0.61506784
1620729262945,1.1075896,true,0.20313682,false,0.24937658,false,0.0,false,0.0,false,0.0,false,0.0,0.0,0.0,-0.47731027,0.12246887,-0.61640686,0.61506784
1620729267951,1.126369,true,0.18211485,false,0.24407434,false,0.0,false,0.0,false,0.0,false,0.0,0.0,0.0,-0.484617,0.11541024,-0.60670537,0.61829454
1620729272966,1.126369,true,0.18211485,false,0.24407434,false,0.0,false,0.0,false,0.0,false,0.0,0.0,0.0,-0.484617,0.11541024,-0.60670537,0.61829454
1620729278007,1.139311,true,0.16349706,false,0.23613404,false,0.0,false,0.0,false,0.0,false,0.0,0.0,0.0,-0.4919819,0.11541024,-0.6002985,0.6199093
1620729283024,1.139311,true,0.16349706,false,0.23613404,false,0.0,false,0.0,false,0.0,false,0.0,0.0,0.0,-0.4919819,0.111722484,-0.6002985,0.6199093
1620729288028,1.1526273,true,0.14261986,false,0.22293356,false,0.0,false,0.0,false,0.0,false,0.0,0.0,0.0,-0.5005424,0.111722484,-0.6002985,0.62113374
1620729293041,1.1526273,true,0.14261986,false,0.22293356,false,0.0,false,0.0,false,0.0,false,0.0,0.0,0.0,-0.5005424,0.10754006,-0.5931589,0.62113374
1620729298051,1.1878166,true,0.119495735,false,0.21503237,false,0.0,false,0.0,false,0.0,false,0.0,0.0,0.0,-0.5076447,0.10754006,-0.5931589,0.62113374
1620729303061,1.1878166,true,0.119495735,false,0.21503237,false,0.0,false,0.0,false,0.0,false,0.0,0.0,0.0,-0.5076447,0.1030463,-0.5836689,0.62184954
1620729308071,1.1878166,true,0.105652824,false,0.20714477,false,0.0,false,0.0,false,0.0,false,0.0,0.0,0.0,-0.5076447,0.1030463,-0.5836689,0.62184954
1620729313075,1.1952286,true,0.105652824,false,0.20714477,false,0.0,false,0.0,false,0.0,false,0.0,0.0,0.0,-0.5176403,0.1030463,-0.57661045,0.62210023
1620729318079,1.1952286,true,0.0918302,false,0.19402753,false,0.0,false,0.0,false,0.0,false,0.0,0.0,0.0,-0.5176403,0.098863915,-0.57661045,0.62210023
1620729323083,1.2263913,true,0.0918302,false,0.19402753,false,0.0,false,0.0,false,0.0,false,0.0,0.0,0.0,-0.52694297,0.098863915,-0.57661045,0.62166655
1620729328091,1.2263913,true,0.0918302,false,0.18355812,false,0.0,false,0.0,false,0.0,false,0.0,0.0,0.0,-0.52694297,0.095684424,-0.5687516,0.62166655
1620729333095,1.2430338,true,0.07802517,false,0.18355812,false,0.0,false,0.0,false,0.0,false,0.0,0.0,0.0,-0.53533167,0.095684424,-0.5687516,0.62166655
1620729338098,1.2430338,true,0.07802517,false,0.17310901,false,0.0,false,0.0,false,0.0,false,0.0,0.0,0.0,-0.53533167,0.088877276,-0.558181,0.622006
1620729343103,1.2605338,true,0.07342692,false,0.17310901,false,0.0023076497,false,0.0,false,0.0,false,0.0,0.0,0.0,-0.54460126,0.088877276,-0.558181,0.622006
1620729348106,1.2605338,true,0.07342692,false,0.17310901,false,0.0023076497,false,0.0,false,0.0,false,0.0,0.0,0.0,-0.54460126,0.088877276,-0.5510763,0.6214033
1620729353111,1.2696522,true,0.05734467,false,0.15486823,false,0.0023076497,false,0.0,false,0.0,false,0.0,0.0,0.0,-0.5551709,0.084667504,-0.5510763,0.6214033
1620729358121,1.2696522,true,0.05734467,false,0.15486823,false,0.0023076497,false,0.0,false,0.0,false,0.0,0.0,0.0,-0.5551709,0.084667504,-0.5510763,0.61934274
1620729363131,1.2987775,true,0.04816174,false,0.1418712,false,0.0,false,0.0,false,0.0,false,0.0,0.0,0.0,-0.56567204,0.07994524,-0.5426084,0.61934274
1620729368143,1.2987775,true,0.04816174,false,0.1418712,false,0.0,false,0.0,false,0.0,false,0.0,0.0,0.0,-0.56567204,0.07994524,-0.5426084,0.61934274
1620729373147,1.309186,true,0.043571856,false,0.131491,false,0.0,false,0.0,false,0.0,false,0.0,0.0,0.0,-0.5777073,0.076153584,-0.5319444,0.61440223
1620729378151,1.309186,true,0.043571856,false,0.131491,false,0.0046153115,false,0.0,false,0.0,false,0.0,0.0,0.0,-0.5777073,0.076153584,-0.5319444,0.61440223
1620729383155,1.3313237,true,0.034394726,false,0.10818585,false,0.0046153115,false,0.0,false,0.0,false,0.0,0.0,0.0,-0.5883585,0.076153584,-0.52355134,0.6120828
1620729388159,1.3313237,true,0.034394726,false,0.10818585,false,0.0069229985,false,0.0,false,0.0,false,0.0,0.0,0.0,-0.5883585,0.071295634,-0.52355134,0.6120828
1620729393163,1.3313237,true,0.032100935,false,0.09784768,false,0.0069229985,false,0.0,false,0.0,false,0.0,0.0,0.0,-0.5883585,0.071295634,-0.52355134,0.60902715
1620729398166,1.3313237,true,0.032100935,false,0.09784768,false,0.0023076497,false,0.0,false,0.0,false,0.0,0.0,0.0,-0.6010384,0.06543081,-0.5151006,0.60902715
1620729403170,1.3313237,true,0.029807303,false,0.095264815,false,0.0023076497,false,0.0,false,0.0,false,0.0,0.0,0.0,-0.6010384,0.06543081,-0.5151006,0.60902715
1620729408174,1.3431815,true,0.029807303,false,0.095264815,false,0.009230722,false,0.0,false,0.0,false,0.0,0.0,0.0,-0.6126776,0.05770671,-0.5038673,0.6042915
1620729413177,1.3431815,true,0.029807303,false,0.092682585,false,0.009230722,false,0.0,false,0.0,false,0.0,0.0,0.0,-0.6126776,0.05770671,-0.5038673,0.6042915
1620729418181,1.3431815,true,0.025220502,false,0.092682585,false,0.009230722,false,0.0,false,0.0,false,0.0,0.0,0.0,-0.6245387,0.05770671,-0.49612892,0.5986026
1620729423185,1.3431815,true,0.025220502,false,0.0823597,false,0.009230722,false,0.0,false,0.0,false,0.0,0.0,0.0,-0.6245387,0.05221044,-0.49612892,0.5986026
1620729428192,1.3313237,true,0.018341267,false,0.0823597,false,0.027695313,false,0.0,false,0.0,false,0.0,0.0,0.0,-0.63606775,0.05221044,-0.49612892,0.5922062
1620729433199,1.3313237,true,0.018341267,false,0.0823597,false,0.027695313,false,0.0,false,0.0,false,0.0,0.0,0.0,-0.63606775,0.047741722,-0.48891526,0.5922062
1620729438211,1.3431815,true,0.009170248,false,0.020568106,false,0.060034893,false,0.0,false,0.0,false,0.0,0.0,0.0,-0.6499263,0.047741722,-0.48891526,0.5922062
1620729443226,1.3431815,true,0.009170248,false,0.020568106,false,0.060034893,false,0.016123462,false,0.0,false,0.0,0.0,0.0,-0.6499263,0.037169844,-0.47782412,0.5826857
1620729448232,1.3431815,true,0.002292532,false,0.020568106,false,0.027695313,false,0.016123462,false,0.0,false,0.0,0.0,0.0,-0.66047454,0.037169844,-0.47782412,0.5826857
1620729453260,1.3431815,true,0.002292532,false,0.020568106,false,0.027695313,false,0.053768452,false,0.0,false,0.0,0.0,0.0,-0.66047454,0.037169844,-0.47153473,0.5757507
1620729458265,1.3313237,true,0.002292532,false,0.020568106,false,0.023078524,false,0.053768452,false,0.0,false,0.0,0.0,0.0,-0.67181176,0.031801205,-0.47153473,0.5757507
1620729463271,1.3313237,true,0.002292532,false,0.020568106,false,0.023078524,false,0.05645967,false,0.0,false,0.0,0.0,0.0,-0.67181176,0.031801205,-0.47153473,0.5692554
1620729468899,1.3313237,true,0.0045850757,false,0.020568106,false,0.05772324,false,0.05645967,false,0.0,false,0.0,0.0,0.0,-0.683379,0.02229197,-0.4649237,0.5692554
1620729473903,1.3313237,true,0.0045850757,false,0.020568106,false,0.05772324,false,0.05915129,false,0.0,false,0.0,0.0,0.0,-0.683379,0.02229197,-0.4649237,0.5692554
1620729478911,1.3313237,true,0.0,false,0.017996795,false,0.0138463285,false,0.05915129,false,0.0,false,0.0,0.0,0.0,-0.683379,0.016203012,-0.45232227,0.5557365
1620729483915,1.3431815,true,0.0,false,0.017996795,false,0.0138463285,false,0.061843343,false,0.0,false,0.0,0.0,0.0,-0.69992316,0.016203012,-0.45232227,0.5557365
1620729488919,1.3431815,true,0.0068776435,false,0.012854513,false,0.0138463285,false,0.061843343,false,0.0,false,0.0,0.0,0.0,-0.69992316,0.016203012,-0.44494405,0.5479222
1620729493941,1.3431815,true,0.0068776435,false,0.012854513,false,0.0138463285,false,0.067228824,false,0.0,false,0.0,0.0,0.0,-0.71197885,0.009312784,-0.44494405,0.5479222
1620729498961,1.3431815,true,0.0068776435,false,0.017996795,false,0.011538493,false,0.067228824,false,0.0,false,0.0,0.0,0.0,-0.71197885,0.009312784,-0.44494405,0.53908813
1620729503971,1.3313237,true,0.020634232,false,0.017996795,false,0.011538493,false,0.07531074,false,0.0,false,0.0,0.0,0.0,-0.72192305,-2.8924967E-4,-0.43784276,0.53908813
1620729508977,1.3313237,true,0.020634232,false,0.017996795,false,0.016154235,false,0.07531074,false,0.0,false,0.0,0.0,0.0,-0.72192305,-2.8924967E-4,-0.43784276,0.53908813
1620729513992,1.3313237,true,0.022927307,false,0.017996795,false,0.016154235,false,0.11310032,false,0.0,false,0.0,0.0,0.0,-0.7332261,-0.01288455,-0.42964214,0.52575856
1620729518999,1.3313237,true,0.022927307,false,0.017996795,false,0.016154235,false,0.11310032,false,0.0,false,0.0,0.0,0.0,-0.7332261,-0.01288455,-0.42964214,0.52575856
1620729524039,1.3313237,true,0.018341267,false,0.017996795,false,0.016154235,false,0.11580514,false,0.0,false,0.0,0.0,0.0,-0.743616,-0.01288455,-0.42317608,0.51546913
1620729529050,1.3313237,true,0.018341267,false,0.017996795,false,0.011538493,false,0.11580514,false,0.0,false,0.0,0.0,0.0,-0.743616,-0.022654708,-0.42317608,0.51546913
1620729534054,1.3200155,true,0.034394726,false,0.015425604,false,0.011538493,false,0.12392481,false,0.0,false,0.0,0.0,0.0,-0.7530067,-0.022654708,-0.42317608,0.5046865
1620729539058,1.3200155,true,0.034394726,false,0.015425604,false,0.011538493,false,0.12392481,false,0.0,false,0.0,0.0,0.0,-0.7530067,-0.03325986,-0.41722196,0.5046865
1620729544589,1.309186,true,0.038982883,false,0.015425604,false,0.016154235,false,0.14018936,false,0.0,false,0.0,0.0,0.0,-0.7623813,-0.03325986,-0.41722196,0.5046865
1620729549601,1.309186,true,0.038982883,false,0.015425604,false,0.016154235,false,0.14018936,false,0.0,false,0.0,0.0,0.0,-0.7623813,-0.048898563,-0.40771404,0.49205673
1620729554604,1.288744,true,0.050457064,false,0.015425604,false,0.016154235,false,0.1592123,false,0.0,false,0.0,0.0,0.0,-0.77177656,-0.048898563,-0.40771404,0.49205673
1620729559612,1.288744,true,0.050457064,false,0.015425604,false,0.016154235,false,0.1592123,false,0.0,false,0.0,0.0,0.0,-0.77177656,-0.048898563,-0.40217826,0.47946197
1620729564615,1.288744,true,0.05964113,false,0.012854513,false,0.016154235,false,0.17829351,false,0.0,false,0.0,0.0,0.0,-0.77177656,-0.060701955,-0.40217826,0.47946197
1620729569621,1.2790463,true,0.05964113,false,0.012854513,false,0.016154235,false,0.17829351,false,0.0,false,0.0,0.0,0.0,-0.78292483,-0.060701955,-0.40217826,0.4686561
1620729574624,1.2790463,true,0.07112839,false,0.012854513,false,0.0138463285,false,0.17829351,false,0.0,false,0.0,0.0,0.0,-0.78292483,-0.07124426,-0.39784014,0.4686561
1620729579628,1.2696522,true,0.07112839,false,0.012854513,false,0.0138463285,false,0.19196284,false,0.0,false,0.0,0.0,0.0,-0.79134375,-0.07124426,-0.39784014,0.4686561
1620729584643,1.2696522,true,0.07112839,false,0.015425604,false,0.016154235,false,0.19196284,false,0.0,false,0.0,0.0,0.0,-0.79134375,-0.08976969,-0.38994938,0.45231092
1620729589654,1.251668,true,0.080324896,false,0.015425604,false,0.016154235,false,0.19470099,false,0.0,false,0.0,0.0,0.0,-0.7986107,-0.08976969,-0.38994938,0.45231092
1620729594661,1.251668,true,0.080324896,false,0.0077125723,false,0.011538493,false,0.19470099,false,0.0,false,0.0,0.0,0.0,-0.7986107,-0.08976969,-0.38514003,0.4421493
1620729599671,1.2430338,true,0.101043165,false,0.0077125723,false,0.011538493,false,0.2221676,false,0.0,false,0.0,0.0,0.0,-0.80529165,-0.103021674,-0.38514003,0.4421493
1620729604681,1.2430338,true,0.101043165,false,0.0077125723,false,0.0138463285,false,0.2221676,false,0.0,false,0.0,0.0,0.0,-0.80529165,-0.103021674,-0.38514003,0.43000734
1620729609691,1.2183534,true,0.11487901,false,0.012854513,false,0.0138463285,false,0.23320088,false,0.0,false,0.0,0.0,0.0,-0.8120351,-0.11631917,-0.3803946,0.43000734
1620729614695,1.2183534,true,0.11487901,false,0.012854513,false,0.0069229985,false,0.23320088,false,0.0,false,0.0,0.0,0.0,-0.8120351,-0.11631917,-0.3803946,0.43000734
1620729619698,1.2263913,true,0.12411502,false,0.010283509,false,0.0069229985,false,0.24703349,false,0.0,false,0.0,0.0,0.0,-0.8167557,-0.1360916,-0.37528127,0.41563636
1620729624702,1.2263913,true,0.12411502,false,0.010283509,false,0.0069229985,false,0.24703349,false,0.0,false,0.0,0.0,0.0,-0.8167557,-0.1360916,-0.37528127,0.41563636
1620729629706,1.2027824,true,0.14261986,false,0.0077125723,false,0.011538493,false,0.2609145,false,0.0,false,0.0,0.0,0.0,-0.8213989,-0.1360916,-0.371598,0.40416756
1620729634709,1.2027824,true,0.14261986,false,0.0077125723,false,0.011538493,false,0.2609145,false,0.0,false,0.0,0.0,0.0,-0.8213989,-0.15172425,-0.371598,0.40416756
1620729639712,1.1733869,true,0.16117398,false,0.0077125723,false,0.011538493,false,0.2720564,false,0.0,false,0.0,0.0,0.0,-0.8247594,-0.15172425,-0.371598,0.39532804
1620729644716,1.1733869,true,0.16117398,false,0.0077125723,false,0.011538493,false,0.2720564,false,0.0,false,0.0,0.0,0.0,-0.8247594,-0.1664098,-0.36850432,0.39532804
1620729649719,1.1733869,true,0.17745468,false,0.0077125723,false,0.011538493,false,0.27764022,false,0.0,false,0.0,0.0,0.0,-0.8247594,-0.1664098,-0.36850432,0.39532804
1620729654723,1.1594374,true,0.17745468,false,0.0077125723,false,0.011538493,false,0.27764022,false,0.0,false,0.0,0.0,0.0,-0.82811815,-0.18827686,-0.36325848,0.38137838
1620729659726,1.1594374,true,0.19611984,false,0.0077125723,false,0.011538493,false,0.27764022,false,0.0,false,0.0,0.0,0.0,-0.82811815,-0.18827686,-0.36325848,0.38137838
1620729664730,1.1594374,true,0.19611984,false,0.0077125723,false,0.011538493,false,0.2860327,false,0.0,false,0.0,0.0,0.0,-0.8309833,-0.18827686,-0.36023107,0.37225902
1620729669734,1.1594374,true,0.19611984,false,0.010283509,false,0.0138463285,false,0.2860327,false,0.0,false,0.0,0.0,0.0,-0.8309833,-0.20260063,-0.36023107,0.37225902
1620729674746,1.1526273,true,0.21485452,false,0.010283509,false,0.0138463285,false,0.29725522,false,0.0,false,0.0,0.0,0.0,-0.83235383,-0.20260063,-0.36023107,0.36247084
1620729679750,1.1526273,true,0.21485452,false,0.0077125723,false,0.0138463285,false,0.29725522,false,0.0,false,0.0,0.0,0.0,-0.83235383,-0.21808015,-0.3574663,0.36247084
1620729684754,1.139311,true,0.22895555,false,0.0077125723,false,0.0138463285,false,0.30851638,false,0.0,false,0.0,0.0,0.0,-0.83379304,-0.21808015,-0.3574663,0.36247084
1620729689758,1.139311,true,0.22895555,false,0.0077125723,false,0.011538493,false,0.30851638,false,0.0,false,0.0,0.0,0.0,-0.83379304,-0.23782045,-0.35352197,0.34902063
1620729694761,1.126369,true,0.23131017,false,0.0077125723,false,0.011538493,false,0.31133795,false,0.0,false,0.0,0.0,0.0,-0.8345003,-0.23782045,-0.35352197,0.34902063
1620729699893,1.126369,true,0.23131017,false,0.0077125723,false,0.0138463285,false,0.31133795,false,0.0,false,0.0,0.0,0.0,-0.8345003,-0.23782045,-0.35039866,0.33956012
1620729704925,1.1075896,true,0.26204458,false,0.0025708347,false,0.0138463285,false,0.31698877,false,0.0,false,0.0,0.0,0.0,-0.8350609,-0.25499773,-0.35039866,0.33956012
1620729709930,1.1075896,true,0.26204458,false,0.0025708347,false,0.0138463285,false,0.31698877,false,0.0,false,0.0,0.0,0.0,-0.8350609,-0.25499773,-0.35039866,0.32998258
1620729714936,1.0954534,true,0.2810828,false,0.0077125723,false,0.011538493,false,0.33116233,false,0.0,false,0.0,0.0,0.0,-0.8339976,-0.2700694,-0.34866875,0.32998258
1620729719948,1.0954534,true,0.2810828,false,0.0077125723,false,0.011538493,false,0.33116233,false,0.0,false,0.0,0.0,0.0,-0.8339976,-0.2700694,-0.34866875,0.32998258
1620729724953,1.0719995,true,0.29782727,false,0.0077125723,false,0.009230722,false,0.32832217,false,0.0,false,0.0,0.0,0.0,-0.8306689,-0.29367658,-0.3479557,0.3204217
1620729729991,1.0719995,true,0.29782727,false,0.0077125723,false,0.009230722,false,0.32832217,false,0.0,false,0.0,0.0,0.0,-0.8306689,-0.29367658,-0.3479557,0.3204217
1620729734994,1.0719995,true,0.31707013,false,0.0077125723,false,0.011538493,false,0.336851,false,0.0,false,0.0,0.0,0.0,-0.8306689,-0.29367658,0.53455216,0.18349512
1620729739998,1.0495151,true,0.31707013,false,0.0077125723,false,0.011538493,false,0.336851,false,0.0,false,0.0,0.0,0.0,-0.6314107,-0.52898467,0.53455216,0.18349512
1620729745011,1.0495151,true,0.33158198,false,0.0051416866,false,0.011538493,false,0.336851,false,0.0,false,0.0,0.0,0.0,-0.6314107,-0.52898467,0.53455216,0.17897205
1620729750021,1.0385973,true,0.33158198,false,0.0051416866,false,0.011538493,false,0.33400527,false,0.0,false,0.0,0.0,0.0,-0.62870836,-0.5352161,0.5342466,0.17897205
1620729755025,1.0385973,true,0.33158198,false,0.010283509,false,0.009230722,false,0.33400527,false,0.0,false,0.0,0.0,0.0,-0.62870836,-0.5352161,0.5342466,0.17897205
1620729760028,1.0173466,true,0.34860492,false,0.010283509,false,0.009230722,false,0.34255096,false,0.0,false,0.0,0.0,0.0,-0.62480557,-0.5513855,0.5285504,0.16412033
1620729765035,1.0173466,true,0.34860492,false,0.0077125723,false,0.0069229985,false,0.34255096,false,0.0,false,0.0,0.0,0.0,-0.62480557,-0.5513855,0.5285504,0.16412033
1620729770043,1.0069914,true,0.3583794,false,0.0077125723,false,0.0069229985,false,0.34255096,false,0.0,false,0.0,0.0,0.0,-0.6221548,-0.5513855,0.5241398,0.15551692
1620729775046,1.0069914,true,0.3583794,false,0.0077125723,false,0.0138463285,false,0.34255096,false,0.0,false,0.0,0.0,0.0,-0.6221548,-0.56081253,0.5241398,0.15551692
1620729780050,1.0018768,true,0.37310895,false,0.0077125723,false,0.0138463285,false,0.34540528,false,0.0,false,0.0,0.0,0.0,-0.61945236,-0.56081253,0.5241398,0.14449549
1620729785053,1.0018768,true,0.37310895,false,0.0077125723,false,0.0,false,0.34540528,false,0.0,false,0.0,0.0,0.0,-0.61945236,-0.5711984,0.51925886,0.14449549
1620729790061,0.99176866,true,0.38297585,true,0.0051416866,false,0.0,false,0.34540528,false,0.0,false,0.0,0.0,0.0,-0.617403,-0.5711984,0.51925886,0.14449549
1620729795065,0.99176866,true,0.38297585,true,0.0051416866,false,0.0,false,0.34540528,false,0.0,false,0.0,0.0,0.0,-0.617403,-0.5803309,0.5164328,0.12839626
1620729800068,0.9818143,true,0.40282917,true,0.0025708347,false,0.0069229985,false,0.34826255,false,0.0,false,0.0,0.0,0.0,-0.6155221,-0.5803309,0.5164328,0.12839626
1620729805072,0.9818143,true,0.40282917,true,0.0025708347,false,0.0069229985,false,0.34826255,false,0.0,false,0.0,0.0,0.0,-0.6155221,-0.5803309,0.51350456,0.11739632
1620729810075,0.9720062,true,0.41031718,true,0.0,false,0.01846223,false,0.34255096,false,0.0,false,0.0,0.0,0.0,-0.61294913,-0.5875766,0.51350456,0.11739632
1620729815079,0.9720062,true,0.41031718,true,0.0,false,0.01846223,false,0.34255096,false,0.0,false,0.0,0.0,0.0,-0.61294913,-0.5875766,0.51350456,0.107264735
1620729820082,0.9720062,true,0.4203394,true,0.0025708347,false,0.0046153115,false,0.35112277,false,0.0,false,0.0,0.0,0.0,-0.61294913,-0.59430534,0.5110059,0.107264735
1620729825086,0.962337,true,0.4203394,true,0.0025708347,false,0.0046153115,false,0.35112277,false,0.0,false,0.0,0.0,0.0,-0.6098269,-0.59430534,0.5110059,0.107264735
1620729830090,0.962337,true,0.4304067,true,0.0051416866,false,0.009230722,false,0.35112277,false,0.0,false,0.0,0.0,0.0,-0.6098269,-0.60423046,0.5059318,0.09288974
1620729835093,0.9480796,true,0.4304067,true,0.0051416866,false,0.009230722,false,0.34826255,false,0.0,false,0.0,0.0,0.0,-0.6080502,-0.60423046,0.5059318,0.09288974
1620729840097,0.9480796,true,0.4304067,true,0.0051416866,false,0.0046153115,false,0.34826255,false,0.0,false,0.0,0.0,0.0,-0.6080502,-0.60423046,0.5024233,0.08322606
1620729845571,0.95280015,true,0.4304067,true,0.0051416866,false,0.0046153115,false,0.3798957,true,0.0,false,0.0,0.0,0.0,-0.6046347,-0.6107157,0.5024233,0.08322606
1620729850574,0.95280015,true,0.4304067,true,0.0051416866,false,0.0069229985,false,0.3798957,true,0.0,false,0.0,0.0,0.0,-0.6046347,-0.6107157,0.5024233,0.07240563
1620729855578,0.93409973,true,0.43293074,true,0.0051416866,false,0.0069229985,false,0.34540528,false,0.0,false,0.0,0.0,0.0,-0.59974396,-0.6183662,0.5010436,0.07240563
1620729860589,0.93409973,true,0.43293074,true,0.0051416866,false,0.011538493,false,0.34540528,false,0.0,false,0.0,0.0,0.0,-0.59974396,-0.6183662,0.5010436,0.07240563
1620729865593,0.93409973,true,0.43293074,true,0.0051416866,false,0.011538493,false,0.34540528,false,0.0,false,0.0,0.0,0.0,-0.5969064,-0.62769896,0.49638787,0.058573645
1620729870606,0.93409973,true,0.43293074,true,0.0051416866,false,0.011538493,false,0.34540528,false,0.0,false,0.0,0.0,0.0,-0.5969064,-0.62769896,0.49638787,0.058573645
1620729875621,0.92492515,true,0.4304067,true,0.0051416866,false,0.011538493,false,0.34255096,false,0.0,false,0.0,0.0,0.0,-0.59483093,-0.62769896,0.49344915,0.04805056
1620729880631,0.92492515,true,0.4304067,true,0.0051416866,false,0.011538493,false,0.34255096,false,0.0,false,0.0,0.0,0.0,-0.59483093,-0.63310844,0.49344915,0.04805056
1620729885641,0.92037946,true,0.4128186,true,0.0051416866,false,0.009230722,false,0.34826255,false,0.0,false,0.0,0.0,0.0,-0.592894,-0.63310844,0.49344915,0.037713576
1620729890651,0.92037946,true,0.4128186,true,0.0051416866,false,0.009230722,false,0.34826255,false,0.0,false,0.0,0.0,0.0,-0.592894,-0.6377678,0.49087292,0.037713576
1620729895661,0.91136855,true,0.38544866,true,0.0051416866,false,0.011538493,false,0.34255096,false,0.0,false,0.0,0.0,0.0,-0.5910862,-0.6377678,0.49087292,0.037713576
1620729900861,0.91136855,true,0.38544866,true,0.0051416866,false,0.011538493,false,0.34255096,false,0.0,false,0.0,0.0,0.0,-0.5910862,-0.6453155,0.48655885,0.02401792
1620729905877,0.91136855,true,0.3437307,false,0.0051416866,false,0.009230722,false,0.33400527,false,0.0,false,0.0,0.0,0.0,-0.5910862,-0.6453155,0.48655885,0.02401792
1620729910891,0.9158608,true,0.3437307,false,0.0051416866,false,0.009230722,false,0.33400527,false,0.0,false,0.0,0.0,0.0,-0.5838256,-0.6453155,0.48200753,0.01593196
1620729915901,0.9158608,true,0.29303458,false,0.0051416866,false,0.0138463285,false,0.33400527,false,0.0,false,0.0,0.0,0.0,-0.5838256,-0.6546157,0.48200753,0.01593196
1620729920907,0.91136855,true,0.29303458,false,0.0051416866,false,0.0138463285,false,0.34255096,false,0.0,false,0.0,0.0,0.0,-0.5791112,-0.6546157,0.48200753,0.008674119
1620729925921,0.91136855,true,0.29303458,false,0.0077125723,false,0.0138463285,false,0.34255096,false,0.0,false,0.0,0.0,0.0,-0.5791112,-0.66080934,0.47830853,0.008674119
1620729930924,0.9024612,true,0.23366608,false,0.0077125723,false,0.0138463285,false,0.34540528,false,0.0,false,0.0,0.0,0.0,-0.5757924,-0.66080934,0.47830853,0.008674119
1620729935931,0.9024612,true,0.23366608,false,0.0077125723,false,0.0138463285,false,0.34540528,false,0.0,false,0.0,0.0,0.0,-0.5757924,-0.6699869,0.47314087,-0.003952833
1620729940934,0.9024612,true,0.23366608,false,0.0077125723,false,0.0138463285,false,0.34540528,false,0.0,false,0.0,0.0,0.0,-0.5757924,-0.6699869,0.47314087,-0.003952833
1620729945938,0.9024612,true,0.23366608,false,0.0077125723,false,0.0138463285,false,0.34540528,false,0.0,false,0.0,0.0,0.0,-0.5757924,-0.6699869,0.47314087,-0.003952833
1620729950950,0.9024612,true,0.23366608,false,0.0077125723,false,0.0138463285,false,0.34540528,false,0.0,false,0.0,0.0,0.0,-0.5757924,-0.6699869,0.47314087,-0.003952833
1620729955953,0.9024612,true,0.23366608,false,0.0077125723,false,0.0138463285,false,0.34540528,false,0.0,false,0.0,0.0,0.0,-0.5757924,-0.6699869,0.47314087,-0.003952833
1620729960957,0.9024612,true,0.23366608,false,0.0077125723,false,0.0138463285,false,0.34540528,false,0.0,false,0.0,0.0,0.0,-0.5757924,-0.6699869,0.47314087,-0.003952833
1620729965971,0.9024612,true,0.23366608,false,0.0077125723,false,0.0138463285,false,0.34540528,false,0.0,false,0.0,0.0,0.0,-0.5757924,-0.6699869,0.47314087,-0.003952833
1620729970974,0.9024612,true,0.23366608,false,0.0077125723,false,0.0138463285,false,0.34540528,false,0.0,false,0.0,0.0,0.0,-0.5757924,-0.6699869,0.47314087,-0.003952833
1620729975977,0.9024612,true,0.23366608,false,0.0077125723,false,0.0138463285,false,0.34540528,false,0.0,false,0.0,0.0,0.0,-0.5757924,-0.6699869,0.47314087,-0.003952833
1620729980981,0.9024612,true,0.23366608,false,0.0077125723,false,0.0138463285,false,0.34540528,false,0.0,false,0.0,0.0,0.0,-0.5757924,-0.6699869,0.47314087,-0.003952833
1620729985985,0.9024612,true,0.23366608,false,0.0077125723,false,0.0138463285,false,0.34540528,false,0.0,false,0.0,0.0,0.0,-0.5757924,-0.6699869,0.47314087,-0.003952833
1620729990988,0.9024612,true,0.23366608,false,0.0077125723,false,0.0138463285,false,0.34540528,false,0.0,false,0.0,0.0,0.0,-0.5757924,-0.6699869,0.47314087,-0.003952833
1620729995992,0.9024612,true,0.23366608,false,0.0077125723,false,0.0138463285,false,0.34540528,false,0.0,false,0.0,0.0,0.0,-0.5757924,-0.6699869,0.47314087,-0.003952833
1620730001289,0.9024612,true,0.23366608,false,0.0077125723,false,0.0138463285,false,0.34540528,false,0.0,false,0.0,0.0,0.0,-0.5757924,-0.6699869,0.47314087,-0.003952833
1620730006293,0.9024612,true,0.23366608,false,0.0077125723,false,0.0138463285,false,0.34540528,false,0.0,false,0.0,0.0,0.0,-0.5757924,-0.6699869,0.47314087,-0.003952833
1620730011296,0.9024612,true,0.23366608,false,0.0077125723,false,0.0138463285,false,0.34540528,false,0.0,false,0.0,0.0,0.0,-0.5757924,-0.6699869,0.47314087,-0.003952833
1620730016302,0.9024612,true,0.23366608,false,0.0077125723,false,0.0138463285,false,0.34540528,false,0.0,false,0.0,0.0,0.0,-0.5757924,-0.6699869,0.47314087,-0.003952833
1620730021307,0.9024612,true,0.23366608,false,0.0077125723,false,0.0138463285,false,0.34540528,false,0.0,false,0.0,0.0,0.0,-0.5757924,-0.6699869,0.47314087,-0.003952833
1620730026318,0.9024612,true,0.23366608,false,0.0077125723,false,0.0138463285,false,0.34540528,false,0.0,false,0.0,0.0,0.0,-0.5757924,-0.6699869,0.47314087,-0.003952833
1620730031331,0.9024612,true,0.23366608,false,0.0077125723,false,0.0138463285,false,0.34540528,false,0.0,false,0.0,0.0,0.0,-0.5757924,-0.6699869,0.47314087,-0.003952833
1620730036334,0.9024612,true,0.23366608,false,0.0077125723,false,0.0138463285,false,0.34540528,false,0.0,false,0.0,0.0,0.0,-0.5757924,-0.6699869,0.47314087,-0.003952833
1620730041338,0.9024612,true,0.23366608,false,0.0077125723,false,0.0138463285,false,0.34540528,false,0.0,false,0.0,0.0,0.0,-0.5757924,-0.6699869,0.47314087,-0.003952833
1620730046343,0.9024612,true,0.23366608,false,0.0077125723,false,0.0138463285,false,0.34540528,false,0.0,false,0.0,0.0,0.0,-0.5757924,-0.6699869,0.47314087,-0.003952833
1620730051346,0.9024612,true,0.23366608,false,0.0077125723,false,0.0138463285,false,0.34540528,false,0.0,false,0.0,0.0,0.0,-0.5757924,-0.6699869,0.47314087,-0.003952833
1620730056351,0.9024612,true,0.23366608,false,0.0077125723,false,0.0138463285,false,0.34540528,false,0.0,false,0.0,0.0,0.0,-0.5757924,-0.6699869,0.47314087,-0.003952833
1620730061355,0.9024612,true,0.23366608,false,0.0077125723,false,0.0138463285,false,0.34540528,false,0.0,false,0.0,0.0,0.0,-0.5757924,-0.6699869,0.47314087,-0.003952833
1620730066358,0.9024612,true,0.23366608,false,0.0077125723,false,0.0138463285,false,0.34540528,false,0.0,false,0.0,0.0,0.0,-0.5757924,-0.6699869,0.47314087,-0.003952833
1620730071364,0.9024612,true,0.23366608,false,0.0077125723,false,0.0138463285,false,0.34540528,false,0.0,false,0.0,0.0,0.0,-0.5757924,-0.6699869,0.47314087,-0.003952833
1620730076367,0.9024612,true,0.23366608,false,0.0077125723,false,0.0138463285,false,0.34540528,false,0.0,false,0.0,0.0,0.0,-0.5757924,-0.6699869,0.47314087,-0.003952833
1620730081382,0.9024612,true,0.23366608,false,0.0077125723,false,0.0138463285,false,0.34540528,false,0.0,false,0.0,0.0,0.0,-0.5757924,-0.6699869,0.47314087,-0.003952833
1620730086386,0.9024612,true,0.23366608,false,0.0077125723,false,0.0138463285,false,0.34540528,false,0.0,false,0.0,0.0,0.0,-0.5757924,-0.6699869,0.47314087,-0.003952833
1620730091389,0.9024612,true,0.23366608,false,0.0077125723,false,0.0138463285,false,0.34540528,false,0.0,false,0.0,0.0,0.0,-0.5757924,-0.6699869,0.47314087,-0.003952833
1620730096393,0.9024612,true,0.23366608,false,0.0077125723,false,0.0138463285,false,0.34540528,false,0.0,false,0.0,0.0,0.0,-0.5757924,-0.6699869,0.47314087,-0.003952833
1620730101396,0.9024612,true,0.23366608,false,0.0077125723,false,0.0138463285,false,0.34540528,false,0.0,false,0.0,0.0,0.0,-0.5757924,-0.6699869,0.47314087,-0.003952833
1620730106399,0.9024612,true,0.23366608,false,0.0077125723,false,0.0138463285,false,0.34540528,false,0.0,false,0.0,0.0,0.0,-0.5757924,-0.6699869,0.47314087,-0.003952833
1620730111403,0.9024612,true,0.23366608,false,0.0077125723,false,0.0138463285,false,0.34540528,false,0.0,false,0.0,0.0,0.0,-0.5757924,-0.6699869,0.47314087,-0.003952833
1620730116406,0.9024612,true,0.23366608,false,0.0077125723,false,0.0138463285,false,0.34540528,false,0.0,false,0.0,0.0,0.0,-0.5757924,-0.6699869,0.47314087,-0.003952833
1620730121411,0.9024612,true,0.23366608,false,0.0077125723,false,0.0138463285,false,0.34540528,false,0.0,false,0.0,0.0,0.0,-0.5757924,-0.6699869,0.47314087,-0.003952833
1620730126414,0.9024612,true,0.23366608,false,0.0077125723,false,0.0138463285,false,0.34540528,false,0.0,false,0.0,0.0,0.0,-0.5757924,-0.6699869,0.47314087,-0.003952833
1620730131418,0.9024612,true,0.23366608,false,0.0077125723,false,0.0138463285,false,0.34540528,false,0.0,false,0.0,0.0,0.0,-0.5757924,-0.6699869,0.47314087,-0.003952833
1620730136422,0.9024612,true,0.23366608,false,0.0077125723,false,0.0138463285,false,0.34540528,false,0.0,false,0.0,0.0,0.0,-0.5757924,-0.6699869,0.47314087,-0.003952833
1620730141426,0.9024612,true,0.23366608,false,0.0077125723,false,0.0138463285,false,0.34540528,false,0.0,false,0.0,0.0,0.0,-0.5757924,-0.6699869,0.47314087,-0.003952833
1620730146429,0.9024612,true,0.23366608,false,0.0077125723,false,0.0138463285,false,0.34540528,false,0.0,false,0.0,0.0,0.0,-0.5757924,-0.6699869,0.47314087,-0.003952833
1620730151433,0.9024612,true,0.23366608,false,0.0077125723,false,0.0138463285,false,0.34540528,false,0.0,false,0.0,0.0,0.0,-0.5757924,-0.6699869,0.47314087,-0.003952833
1620730156442,0.9024612,true,0.23366608,false,0.0077125723,false,0.0138463285,false,0.34540528,false,0.0,false,0.0,0.0,0.0,-0.5757924,-0.6699869,0.47314087,-0.003952833
1620730161445,0.9024612,true,0.23366608,false,0.0077125723,false,0.0138463285,false,0.34540528,false,0.0,false,0.0,0.0,0.0,-0.5757924,-0.6699869,0.47314087,-0.003952833
1620730166449,0.9024612,true,0.23366608,false,0.0077125723,false,0.0138463285,false,0.34540528,false,0.0,false,0.0,0.0,0.0,-0.5757924,-0.6699869,0.47314087,-0.003952833
1620730171452,0.9024612,true,0.23366608,false,0.0077125723,false,0.0138463285,false,0.34540528,false,0.0,false,0.0,0.0,0.0,-0.5757924,-0.6699869,0.47314087,-0.003952833
1620730176457,0.9024612,true,0.23366608,false,0.0077125723,false,0.0138463285,false,0.34540528,false,0.0,false,0.0,0.0,0.0,-0.5757924,-0.6699869,0.47314087,-0.003952833
1620730181462,0.9024612,true,0.23366608,false,0.0077125723,false,0.0138463285,false,0.34540528,false,0.0,false,0.0,0.0,0.0,-0.5757924,-0.6699869,0.47314087,-0.003952833
1620730186465,0.9024612,true,0.23366608,false,0.0077125723,false,0.0138463285,false,0.34540528,false,0.0,false,0.0,0.0,0.0,-0.5757924,-0.6699869,0.47314087,-0.003952833
1620730191468,0.9024612,true,0.23366608,false,0.0077125723,false,0.0138463285,false,0.34540528,false,0.0,false,0.0,0.0,0.0,-0.5757924,-0.6699869,0.47314087,-0.003952833
1620730196473,0.9024612,true,0.23366608,false,0.0077125723,false,0.0138463285,false,0.34540528,false,0.0,false,0.0,0.0,0.0,-0.5757924,-0.6699869,0.47314087,-0.003952833
1620730201477,0.9024612,true,0.23366608,false,0.0077125723,false,0.0138463285,false,0.34540528,false,0.0,false,0.0,0.0,0.0,-0.5757924,-0.6699869,0.47314087,-0.003952833
1620730206481,0.9024612,true,0.23366608,false,0.0077125723,false,0.0138463285,false,0.34540528,false,0.0,false,0.0,0.0,0.0,-0.5757924,-0.6699869,0.47314087,-0.003952833
1620730211484,0.9024612,true,0.23366608,false,0.0077125723,false,0.0138463285,false,0.34540528,false,0.0,false,0.0,0.0,0.0,-0.5757924,-0.6699869,0.47314087,-0.003952833
1620730216488,0.9024612,true,0.23366608,false,0.0077125723,false,0.0138463285,false,0.34540528,false,0.0,false,0.0,0.0,0.0,-0.5757924,-0.6699869,0.47314087,-0.003952833
1620730221492,0.9024612,true,0.23366608,false,0.0077125723,false,0.0138463285,false,0.34540528,false,0.0,false,0.0,0.0,0.0,-0.5757924,-0.6699869,0.47314087,-0.003952833
1620730226495,0.9024612,true,0.23366608,false,0.0077125723,false,0.0138463285,false,0.34540528,false,0.0,false,0.0,0.0,0.0,-0.5757924,-0.6699869,0.47314087,-0.003952833
1620730231501,0.9024612,true,0.23366608,false,0.0077125723,false,0.0138463285,false,0.34540528,false,0.0,false,0.0,0.0,0.0,-0.5757924,-0.6699869,0.47314087,-0.003952833
1620730236504,0.9024612,true,0.23366608,false,0.0077125723,false,0.0138463285,false,0.34540528,false,0.0,false,0.0,0.0,0.0,-0.5757924,-0.6699869,0.47314087,-0.003952833
1620730241509,0.9024612,true,0.23366608,false,0.0077125723,false,0.0138463285,false,0.34540528,false,0.0,false,0.0,0.0,0.0,-0.5757924,-0.6699869,0.47314087,-0.003952833
1620730246512,0.9024612,true,0.23366608,false,0.0077125723,false,0.0138463285,false,0.34540528,false,0.0,false,0.0,0.0,0.0,-0.5757924,-0.6699869,0.47314087,-0.003952833
1620730251515,0.9024612,true,0.23366608,false,0.0077125723,false,0.0138463285,false,0.34540528,false,0.0,false,0.0,0.0,0.0,-0.5757924,-0.6699869,0.47314087,-0.003952833
1620730256519,0.9024612,true,0.23366608,false,0.0077125723,false,0.0138463285,false,0.34540528,false,0.0,false,0.0,0.0,0.0,-0.5757924,-0.6699869,0.47314087,-0.003952833
1620730261523,0.9024612,true,0.23366608,false,0.0077125723,false,0.0138463285,false,0.34540528,false,0.0,false,0.0,0.0,0.0,-0.5757924,-0.6699869,0.47314087,-0.003952833
1620730266526,0.9024612,true,0.23366608,false,0.0077125723,false,0.0138463285,false,0.34540528,false,0.0,false,0.0,0.0,0.0,-0.5757924,-0.6699869,0.47314087,-0.003952833
1620730271529,0.9024612,true,0.23366608,false,0.0077125723,false,0.0138463285,false,0.34540528,false,0.0,false,0.0,0.0,0.0,-0.5757924,-0.6699869,0.47314087,-0.003952833
1620730276533,0.9024612,true,0.23366608,false,0.0077125723,false,0.0138463285,false,0.34540528,false,0.0,false,0.0,0.0,0.0,-0.5757924,-0.6699869,0.47314087,-0.003952833
1620730281536,0.9024612,true,0.23366608,false,0.0077125723,false,0.0138463285,false,0.34540528,false,0.0,false,0.0,0.0,0.0,-0.5757924,-0.6699869,0.47314087,-0.003952833
1620730286539,0.9024612,true,0.23366608,false,0.0077125723,false,0.0138463285,false,0.34540528,false,0.0,false,0.0,0.0,0.0,-0.5757924,-0.6699869,0.47314087,-0.003952833
1620730291543,0.9024612,true,0.23366608,false,0.0077125723,false,0.0138463285,false,0.34540528,false,0.0,false,0.0,0.0,0.0,-0.5757924,-0.6699869,0.47314087,-0.003952833
1620730296546,0.9024612,true,0.23366608,false,0.0077125723,false,0.0138463285,false,0.34540528,false,0.0,false,0.0,0.0,0.0,-0.5757924,-0.6699869,0.47314087,-0.003952833
1620730301551,0.9024612,true,0.23366608,false,0.0077125723,false,0.0138463285,false,0.34540528,false,0.0,false,0.0,0.0,0.0,-0.5757924,-0.6699869,0.47314087,-0.003952833
1620730306554,0.9024612,true,0.23366608,false,0.0077125723,false,0.0138463285,false,0.34540528,false,0.0,false,0.0,0.0,0.0,-0.5757924,-0.6699869,0.47314087,-0.003952833
1620730311557,0.9024612,true,0.23366608,false,0.0077125723,false,0.0138463285,false,0.34540528,false,0.0,false,0.0,0.0,0.0,-0.5757924,-0.6699869,0.47314087,-0.003952833
1620730316562,0.9024612,true,0.23366608,false,0.0077125723,false,0.0138463285,false,0.34540528,false,0.0,false,0.0,0.0,0.0,-0.5757924,-0.6699869,0.47314087,-0.003952833
1620730321566,0.9024612,true,0.23366608,false,0.0077125723,false,0.0138463285,false,0.34540528,false,0.0,false,0.0,0.0,0.0,-0.5757924,-0.6699869,0.47314087,-0.003952833
1620730326569,0.9024612,true,0.23366608,false,0.0077125723,false,0.0138463285,false,0.34540528,false,0.0,false,0.0,0.0,0.0,-0.5757924,-0.6699869,0.47314087,-0.003952833
1620730331572,0.9024612,true,0.23366608,false,0.0077125723,false,0.0138463285,false,0.34540528,false,0.0,false,0.0,0.0,0.0,-0.5757924,-0.6699869,0.47314087,-0.003952833
1620730336575,0.9024612,true,0.23366608,false,0.0077125723,false,0.0138463285,false,0.34540528,false,0.0,false,0.0,0.0,0.0,-0.5757924,-0.6699869,0.47314087,-0.003952833
1620730341579,0.9024612,true,0.23366608,false,0.0077125723,false,0.0138463285,false,0.34540528,false,0.0,false,0.0,0.0,0.0,-0.5757924,-0.6699869,0.47314087,-0.003952833
1620730346582,0.9024612,true,0.23366608,false,0.0077125723,false,0.0138463285,false,0.34540528,false,0.0,false,0.0,0.0,0.0,-0.5757924,-0.6699869,0.47314087,-0.003952833
1620730351585,0.9024612,true,0.23366608,false,0.0077125723,false,0.0138463285,false,0.34540528,false,0.0,false,0.0,0.0,0.0,-0.5757924,-0.6699869,0.47314087,-0.003952833
1620730356593,0.9024612,true,0.23366608,false,0.0077125723,false,0.0138463285,false,0.34540528,false,0.0,false,0.0,0.0,0.0,-0.5757924,-0.6699869,0.47314087,-0.003952833
1620730361596,0.9024612,true,0.23366608,false,0.0077125723,false,0.0138463285,false,0.34540528,false,0.0,false,0.0,0.0,0.0,-0.5757924,-0.6699869,0.47314087,-0.003952833
1620730366601,0.9024612,true,0.23366608,false,0.0077125723,false,0.0138463285,false,0.34540528,false,0.0,false,0.0,0.0,0.0,-0.5757924,-0.6699869,0.47314087,-0.003952833
1620730371605,0.9024612,true,0.23366608,false,0.0077125723,false,0.0138463285,false,0.34540528,false,0.0,false,0.0,0.0,0.0,-0.5757924,-0.6699869,0.47314087,-0.003952833
1620730376608,0.9024612,true,0.23366608,false,0.0077125723,false,0.0138463285,false,0.34540528,false,0.0,false,0.0,0.0,0.0,-0.5757924,-0.6699869,0.47314087,-0.003952833
1620730381611,0.9024612,true,0.23366608,false,0.0077125723,false,0.0138463285,false,0.34540528,false,0.0,false,0.0,0.0,0.0,-0.5757924,-0.6699869,0.47314087,-0.003952833
1620730386614,0.9024612,true,0.23366608,false,0.0077125723,false,0.0138463285,false,0.34540528,false,0.0,false,0.0,0.0,0.0,-0.5757924,-0.6699869,0.47314087,-0.003952833
1620730391617,0.9024612,true,0.23366608,false,0.0077125723,false,0.0138463285,false,0.34540528,false,0.0,false,0.0,0.0,0.0,-0.5757924,-0.6699869,0.47314087,-0.003952833
1620730396621,0.9024612,true,0.23366608,false,0.0077125723,false,0.0138463285,false,0.34540528,false,0.0,false,0.0,0.0,0.0,-0.5757924,-0.6699869,0.47314087,-0.003952833
1620730401624,0.9024612,true,0.23366608,false,0.0077125723,false,0.0138463285,false,0.34540528,false,0.0,false,0.0,0.0,0.0,-0.5757924,-0.6699869,0.47314087,-0.003952833
1620730406631,0.9024612,true,0.23366608,false,0.0077125723,false,0.0138463285,false,0.34540528,false,0.0,false,0.0,0.0,0.0,-0.5757924,-0.6699869,0.47314087,-0.003952833
1620730411635,0.9024612,true,0.23366608,false,0.0077125723,false,0.0138463285,false,0.34540528,false,0.0,false,0.0,0.0,0.0,-0.5757924,-0.6699869,0.47314087,-0.003952833
1620730416638,0.9024612,true,0.23366608,false,0.0077125723,false,0.0138463285,false,0.34540528,false,0.0,false,0.0,0.0,0.0,-0.5757924,-0.6699869,0.47314087,-0.003952833
1620730421642,0.9024612,true,0.23366608,false,0.0077125723,false,0.0138463285,false,0.34540528,false,0.0,false,0.0,0.0,0.0,-0.5757924,-0.6699869,0.47314087,-0.003952833
1620730426647,0.9024612,true,0.23366608,false,0.0077125723,false,0.0138463285,false,0.34540528,false,0.0,false,0.0,0.0,0.0,-0.5757924,-0.6699869,0.47314087,-0.003952833
1620730431655,0.9024612,true,0.23366608,false,0.0077125723,false,0.0138463285,false,0.34540528,false,0.0,false,0.0,0.0,0.0,-0.5757924,-0.6699869,0.47314087,-0.003952833
1620730436658,0.9024612,true,0.23366608,false,0.0077125723,false,0.0138463285,false,0.34540528,false,0.0,false,0.0,0.0,0.0,-0.5757924,-0.6699869,0.47314087,-0.003952833
1620730441662,0.9024612,true,0.23366608,false,0.0077125723,false,0.0138463285,false,0.34540528,false,0.0,false,0.0,0.0,0.0,-0.5757924,-0.6699869,0.47314087,-0.003952833
1620730446666,0.9024612,true,0.23366608,false,0.0077125723,false,0.0138463285,false,0.34540528,false,0.0,false,0.0,0.0,0.0,-0.5757924,-0.6699869,0.47314087,-0.003952833
1620730451670,0.9024612,true,0.23366608,false,0.0077125723,false,0.0138463285,false,0.34540528,false,0.0,false,0.0,0.0,0.0,-0.5757924,-0.6699869,0.47314087,-0.003952833
1620730456675,0.9024612,true,0.23366608,false,0.0077125723,false,0.0138463285,false,0.34540528,false,0.0,false,0.0,0.0,0.0,-0.5757924,-0.6699869,0.47314087,-0.003952833
1620730461679,0.9024612,true,0.23366608,false,0.0077125723,false,0.0138463285,false,0.34540528,false,0.0,false,0.0,0.0,0.0,-0.5757924,-0.6699869,0.47314087,-0.003952833
1620730466684,0.9024612,true,0.23366608,false,0.0077125723,false,0.0138463285,false,0.34540528,false,0.0,false,0.0,0.0,0.0,-0.5757924,-0.6699869,0.47314087,-0.003952833
1620730471687,0.9024612,true,0.23366608,false,0.0077125723,false,0.0138463285,false,0.34540528,false,0.0,false,0.0,0.0,0.0,-0.5757924,-0.6699869,0.47314087,-0.003952833
1620730476690,0.9024612,true,0.23366608,false,0.0077125723,false,0.0138463285,false,0.34540528,false,0.0,false,0.0,0.0,0.0,-0.5757924,-0.6699869,0.47314087,-0.003952833
1620730481696,0.9024612,true,0.23366608,false,0.0077125723,false,0.0138463285,false,0.34540528,false,0.0,false,0.0,0.0,0.0,-0.5757924,-0.6699869,0.47314087,-0.003952833
1620730486704,0.9024612,true,0.23366608,false,0.0077125723,false,0.0138463285,false,0.34540528,false,0.0,false,0.0,0.0,0.0,-0.5757924,-0.6699869,0.47314087,-0.003952833
1620730491711,0.9024612,true,0.23366608,false,0.0077125723,false,0.0138463285,false,0.34540528,false,0.0,false,0.0,0.0,0.0,-0.5757924,-0.6699869,0.47314087,-0.003952833
1620730496714,0.9024612,true,0.23366608,false,0.0077125723,false,0.0138463285,false,0.34540528,false,0.0,false,0.0,0.0,0.0,-0.5757924,-0.6699869,0.47314087,-0.003952833
1620730501717,0.9024612,true,0.23366608,false,0.0077125723,false,0.0138463285,false,0.34540528,false,0.0,false,0.0,0.0,0.0,-0.5757924,-0.6699869,0.47314087,-0.003952833
1620730506721,0.9024612,true,0.23366608,false,0.0077125723,false,0.0138463285,false,0.34540528,false,0.0,false,0.0,0.0,0.0,-0.5757924,-0.6699869,0.47314087,-0.003952833
1620730511724,0.9024612,true,0.23366608,false,0.0077125723,false,0.0138463285,false,0.34540528,false,0.0,false,0.0,0.0,0.0,-0.5757924,-0.6699869,0.47314087,-0.003952833
1620730516728,0.9024612,true,0.23366608,false,0.0077125723,false,0.0138463285,false,0.34540528,false,0.0,false,0.0,0.0,0.0,-0.5757924,-0.6699869,0.47314087,-0.003952833
1620730521732,0.9024612,true,0.23366608,false,0.0077125723,false,0.0138463285,false,0.34540528,false,0.0,false,0.0,0.0,0.0,-0.5757924,-0.6699869,0.47314087,-0.003952833
1620730526735,0.9024612,true,0.23366608,false,0.0077125723,false,0.0138463285,false,0.34540528,false,0.0,false,0.0,0.0,0.0,-0.5757924,-0.6699869,0.47314087,-0.003952833
1620730531738,0.9024612,true,0.23366608,false,0.0077125723,false,0.0138463285,false,0.34540528,false,0.0,false,0.0,0.0,0.0,-0.5757924,-0.6699869,0.47314087,-0.003952833
1620730536742,0.9024612,true,0.23366608,false,0.0077125723,false,0.0138463285,false,0.34540528,false,0.0,false,0.0,0.0,0.0,-0.5757924,-0.6699869,0.47314087,-0.003952833
1620730541745,0.9024612,true,0.23366608,false,0.0077125723,false,0.0138463285,false,0.34540528,false,0.0,false,0.0,0.0,0.0,-0.5757924,-0.6699869,0.47314087,-0.003952833
1620730546751,0.9024612,true,0.23366608,false,0.0077125723,false,0.0138463285,false,0.34540528,false,0.0,false,0.0,0.0,0.0,-0.5757924,-0.6699869,0.47314087,-0.003952833
1620730551754,0.9024612,true,0.23366608,false,0.0077125723,false,0.0138463285,false,0.34540528,false,0.0,false,0.0,0.0,0.0,-0.5757924,-0.6699869,0.47314087,-0.003952833
1620730556762,0.9024612,true,0.23366608,false,0.0077125723,false,0.0138463285,false,0.34540528,false,0.0,false,0.0,0.0,0.0,-0.5757924,-0.6699869,0.47314087,-0.003952833
1620730561773,0.9024612,true,0.23366608,false,0.0077125723,false,0.0138463285,false,0.34540528,false,0.0,false,0.0,0.0,0.0,-0.5757924,-0.6699869,0.47314087,-0.003952833
1620730566781,0.9024612,true,0.23366608,false,0.0077125723,false,0.0138463285,false,0.34540528,false,0.0,false,0.0,0.0,0.0,-0.5757924,-0.6699869,0.47314087,-0.003952833
1620730571784,0.9024612,true,0.23366608,false,0.0077125723,false,0.0138463285,false,0.34540528,false,0.0,false,0.0,0.0,0.0,-0.5757924,-0.6699869,0.47314087,-0.003952833
1620730576787,0.9024612,true,0.23366608,false,0.0077125723,false,0.0138463285,false,0.34540528,false,0.0,false,0.0,0.0,0.0,-0.5757924,-0.6699869,0.47314087,-0.003952833
1620730581790,0.9024612,true,0.23366608,false,0.0077125723,false,0.0138463285,false,0.34540528,false,0.0,false,0.0,0.0,0.0,-0.5757924,-0.6699869,0.47314087,-0.003952833
1620730586797,0.9024612,true,0.23366608,false,0.0077125723,false,0.0138463285,false,0.34540528,false,0.0,false,0.0,0.0,0.0,-0.5757924,-0.6699869,0.47314087,-0.003952833
1620730591820,0.9024612,true,0.23366608,false,0.0077125723,false,0.0138463285,false,0.34540528,false,0.0,false,0.0,0.0,0.0,-0.5757924,-0.6699869,0.47314087,-0.003952833
1620730596824,0.9024612,true,0.23366608,false,0.0077125723,false,0.0138463285,false,0.34540528,false,0.0,false,0.0,0.0,0.0,-0.5757924,-0.6699869,0.47314087,-0.003952833
1620730601827,0.9024612,true,0.23366608,false,0.0077125723,false,0.0138463285,false,0.34540528,false,0.0,false,0.0,0.0,0.0,-0.5757924,-0.6699869,0.47314087,-0.003952833
1620730606831,0.9024612,true,0.23366608,false,0.0077125723,false,0.0138463285,false,0.34540528,false,0.0,false,0.0,0.0,0.0,-0.5757924,-0.6699869,0.47314087,-0.003952833
1620730611834,0.9024612,true,0.23366608,false,0.0077125723,false,0.0138463285,false,0.34540528,false,0.0,false,0.0,0.0,0.0,-0.5757924,-0.6699869,0.47314087,-0.003952833
1620730616844,0.9024612,true,0.23366608,false,0.0077125723,false,0.0138463285,false,0.34540528,false,0.0,false,0.0,0.0,0.0,-0.5757924,-0.6699869,0.47314087,-0.003952833
1620730621848,0.9024612,true,0.23366608,false,0.0077125723,false,0.0138463285,false,0.34540528,false,0.0,false,0.0,0.0,0.0,-0.5757924,-0.6699869,0.47314087,-0.003952833
1620730626853,0.9024612,true,0.23366608,false,0.0077125723,false,0.0138463285,false,0.34540528,false,0.0,false,0.0,0.0,0.0,-0.5757924,-0.6699869,0.47314087,-0.003952833
1620730631856,0.9024612,true,0.23366608,false,0.0077125723,false,0.0138463285,false,0.34540528,false,0.0,false,0.0,0.0,0.0,-0.5757924,-0.6699869,0.47314087,-0.003952833
1620730636863,0.9024612,true,0.23366608,false,0.0077125723,false,0.0138463285,false,0.34540528,false,0.0,false,0.0,0.0,0.0,-0.5757924,-0.6699869,0.47314087,-0.003952833
1620730641866,0.9024612,true,0.23366608,false,0.0077125723,false,0.0138463285,false,0.34540528,false,0.0,false,0.0,0.0,0.0,-0.5757924,-0.6699869,0.47314087,-0.003952833
1620730646872,0.9024612,true,0.23366608,false,0.0077125723,false,0.0138463285,false,0.34540528,false,0.0,false,0.0,0.0,0.0,-0.5757924,-0.6699869,0.47314087,-0.003952833
1620730651879,0.9024612,true,0.23366608,false,0.0077125723,false,0.0138463285,false,0.34540528,false,0.0,false,0.0,0.0,0.0,-0.5757924,-0.6699869,0.47314087,-0.003952833
1620730656884,0.9024612,true,0.23366608,false,0.0077125723,false,0.0138463285,false,0.34540528,false,0.0,false,0.0,0.0,0.0,-0.5757924,-0.6699869,0.47314087,-0.003952833
1620730661888,0.9024612,true,0.23366608,false,0.0077125723,false,0.0138463285,false,0.34540528,false,0.0,false,0.0,0.0,0.0,-0.5757924,-0.6699869,0.47314087,-0.003952833
1620730666893,0.9024612,true,0.23366608,false,0.0077125723,false,0.0138463285,false,0.34540528,false,0.0,false,0.0,0.0,0.0,-0.5757924,-0.6699869,0.47314087,-0.003952833
1620730671896,0.9024612,true,0.23366608,false,0.0077125723,false,0.0138463285,false,0.34540528,false,0.0,false,0.0,0.0,0.0,-0.5757924,-0.6699869,0.47314087,-0.003952833
1620730676899,0.9024612,true,0.23366608,false,0.0077125723,false,0.0138463285,false,0.34540528,false,0.0,false,0.0,0.0,0.0,-0.5757924,-0.6699869,0.47314087,-0.003952833
1620730681902,0.9024612,true,0.23366608,false,0.0077125723,false,0.0138463285,false,0.34540528,false,0.0,false,0.0,0.0,0.0,-0.5757924,-0.6699869,0.47314087,-0.003952833
1620730686905,0.9024612,true,0.23366608,false,0.0077125723,false,0.0138463285,false,0.34540528,false,0.0,false,0.0,0.0,0.0,-0.5757924,-0.6699869,0.47314087,-0.003952833
1620730691908,0.9024612,true,0.23366608,false,0.0077125723,false,0.0138463285,false,0.34540528,false,0.0,false,0.0,0.0,0.0,-0.5757924,-0.6699869,0.47314087,-0.003952833
1620730696912,0.9024612,true,0.23366608,false,0.0077125723,false,0.0138463285,false,0.34540528,false,0.0,false,0.0,0.0,0.0,-0.5757924,-0.6699869,0.47314087,-0.003952833
1620730701934,0.9024612,true,0.23366608,false,0.0077125723,false,0.0138463285,false,0.34540528,false,0.0,false,0.0,0.0,0.0,-0.5757924,-0.6699869,0.47314087,-0.003952833
1620730706937,0.9024612,true,0.23366608,false,0.0077125723,false,0.0138463285,false,0.34540528,false,0.0,false,0.0,0.0,0.0,-0.5757924,-0.6699869,0.47314087,-0.003952833
1620730711942,0.9024612,true,0.23366608,false,0.0077125723,false,0.0138463285,false,0.34540528,false,0.0,false,0.0,0.0,0.0,-0.5757924,-0.6699869,0.47314087,-0.003952833
1620730716945,0.9024612,true,0.23366608,false,0.0077125723,false,0.0138463285,false,0.34540528,false,0.0,false,0.0,0.0,0.0,-0.5757924,-0.6699869,0.47314087,-0.003952833
1620730721948,0.9024612,true,0.23366608,false,0.0077125723,false,0.0138463285,false,0.34540528,false,0.0,false,0.0,0.0,0.0,-0.5757924,-0.6699869,0.47314087,-0.003952833
1620730726953,0.9024612,true,0.23366608,false,0.0077125723,false,0.0138463285,false,0.34540528,false,0.0,false,0.0,0.0,0.0,-0.5757924,-0.6699869,0.47314087,-0.003952833
1620730731956,0.9024612,true,0.23366608,false,0.0077125723,false,0.0138463285,false,0.34540528,false,0.0,false,0.0,0.0,0.0,-0.5757924,-0.6699869,0.47314087,-0.003952833
1620730736959,0.9024612,true,0.23366608,false,0.0077125723,false,0.0138463285,false,0.34540528,false,0.0,false,0.0,0.0,0.0,-0.5757924,-0.6699869,0.47314087,-0.003952833
1620730741962,0.9024612,true,0.23366608,false,0.0077125723,false,0.0138463285,false,0.34540528,false,0.0,false,0.0,0.0,0.0,-0.5757924,-0.6699869,0.47314087,-0.003952833
1620730746965,0.9024612,true,0.23366608,false,0.0077125723,false,0.0138463285,false,0.34540528,false,0.0,false,0.0,0.0,0.0,-0.5757924,-0.6699869,0.47314087,-0.003952833
1620730751968,0.9024612,true,0.23366608,false,0.0077125723,false,0.0138463285,false,0.34540528,false,0.0,false,0.0,0.0,0.0,-0.5757924,-0.6699869,0.47314087,-0.003952833
1620730756972,0.9024612,true,0.23366608,false,0.0077125723,false,0.0138463285,false,0.34540528,false,0.0,false,0.0,0.0,0.0,-0.5757924,-0.6699869,0.47314087,-0.003952833
1620730761976,0.9024612,true,0.23366608,false,0.0077125723,false,0.0138463285,false,0.34540528,false,0.0,false,0.0,0.0,0.0,-0.5757924,-0.6699869,0.47314087,-0.003952833
1620730766979,0.9024612,true,0.23366608,false,0.0077125723,false,0.0138463285,false,0.34540528,false,0.0,false,0.0,0.0,0.0,-0.5757924,-0.6699869,0.47314087,-0.003952833
1620730771982,0.9024612,true,0.23366608,false,0.0077125723,false,0.0138463285,false,0.34540528,false,0.0,false,0.0,0.0,0.0,-0.5757924,-0.6699869,0.47314087,-0.003952833
1620730776985,0.9024612,true,0.23366608,false,0.0077125723,false,0.0138463285,false,0.34540528,false,0.0,false,0.0,0.0,0.0,-0.5757924,-0.6699869,0.47314087,-0.003952833
1620730781988,0.9024612,true,0.23366608,false,0.0077125723,false,0.0138463285,false,0.34540528,false,0.0,false,0.0,0.0,0.0,-0.5757924,-0.6699869,0.47314087,-0.003952833
1620730786992,0.9024612,true,0.23366608,false,0.0077125723,false,0.0138463285,false,0.34540528,false,0.0,false,0.0,0.0,0.0,-0.5757924,-0.6699869,0.47314087,-0.003952833
1620730791995,0.9024612,true,0.23366608,false,0.0077125723,false,0.0138463285,false,0.34540528,false,0.0,false,0.0,0.0,0.0,-0.5757924,-0.6699869,0.47314087,-0.003952833
1620730796998,0.9024612,true,0.23366608,false,0.0077125723,false,0.0138463285,false,0.34540528,false,0.0,false,0.0,0.0,0.0,-0.5757924,-0.6699869,0.47314087,-0.003952833
1620730802001,0.9024612,true,0.23366608,false,0.0077125723,false,0.0138463285,false,0.34540528,false,0.0,false,0.0,0.0,0.0,-0.5757924,-0.6699869,0.47314087,-0.003952833
1620730807004,0.9024612,true,0.23366608,false,0.0077125723,false,0.0138463285,false,0.34540528,false,0.0,false,0.0,0.0,0.0,-0.5757924,-0.6699869,0.47314087,-0.003952833
1620730812007,0.9024612,true,0.23366608,false,0.0077125723,false,0.0138463285,false,0.34540528,false,0.0,false,0.0,0.0,0.0,-0.5757924,-0.6699869,0.47314087,-0.003952833
1620730817011,0.9024612,true,0.23366608,false,0.0077125723,false,0.0138463285,false,0.34540528,false,0.0,false,0.0,0.0,0.0,-0.5757924,-0.6699869,0.47314087,-0.003952833
1620730822014,0.9024612,true,0.23366608,false,0.0077125723,false,0.0138463285,false,0.34540528,false,0.0,false,0.0,0.0,0.0,-0.5757924,-0.6699869,0.47314087,-0.003952833
1620730827018,0.9024612,true,0.23366608,false,0.0077125723,false,0.0138463285,false,0.34540528,false,0.0,false,0.0,0.0,0.0,-0.5757924,-0.6699869,0.47314087,-0.003952833
1620730832021,0.9024612,true,0.23366608,false,0.0077125723,false,0.0138463285,false,0.34540528,false,0.0,false,0.0,0.0,0.0,-0.5757924,-0.6699869,0.47314087,-0.003952833
1620730837026,0.9024612,true,0.23366608,false,0.0077125723,false,0.0138463285,false,0.34540528,false,0.0,false,0.0,0.0,0.0,-0.5757924,-0.6699869,0.47314087,-0.003952833
1620730842029,0.9024612,true,0.23366608,false,0.0077125723,false,0.0138463285,false,0.34540528,false,0.0,false,0.0,0.0,0.0,-0.5757924,-0.6699869,0.47314087,-0.003952833
1620730847032,0.9024612,true,0.23366608,false,0.0077125723,false,0.0138463285,false,0.34540528,false,0.0,false,0.0,0.0,0.0,-0.5757924,-0.6699869,0.47314087,-0.003952833
1620730852036,0.9024612,true,0.23366608,false,0.0077125723,false,0.0138463285,false,0.34540528,false,0.0,false,0.0,0.0,0.0,-0.5757924,-0.6699869,0.47314087,-0.003952833
1620730857039,0.9024612,true,0.23366608,false,0.0077125723,false,0.0138463285,false,0.34540528,false,0.0,false,0.0,0.0,0.0,-0.5757924,-0.6699869,0.47314087,-0.003952833
1620730862042,0.9024612,true,0.23366608,false,0.0077125723,false,0.0138463285,false,0.34540528,false,0.0,false,0.0,0.0,0.0,-0.5757924,-0.6699869,0.47314087,-0.003952833
1620730867045,0.9024612,true,0.23366608,false,0.0077125723,false,0.0138463285,false,0.34540528,false,0.0,false,0.0,0.0,0.0,-0.5757924,-0.6699869,0.47314087,-0.003952833
1620730872051,0.9024612,true,0.23366608,false,0.0077125723,false,0.0138463285,false,0.34540528,false,0.0,false,0.0,0.0,0.0,-0.5757924,-0.6699869,0.47314087,-0.003952833
1620730877054,0.9024612,true,0.23366608,false,0.0077125723,false,0.0138463285,false,0.34540528,false,0.0,false,0.0,0.0,0.0,-0.5757924,-0.6699869,0.47314087,-0.003952833
1620730882058,0.9024612,true,0.23366608,false,0.0077125723,false,0.0138463285,false,0.34540528,false,0.0,false,0.0,0.0,0.0,-0.5757924,-0.6699869,0.47314087,-0.003952833
1620730887062,0.9024612,true,0.23366608,false,0.0077125723,false,0.0138463285,false,0.34540528,false,0.0,false,0.0,0.0,0.0,-0.5757924,-0.6699869,0.47314087,-0.003952833
1620730892066,0.9024612,true,0.23366608,false,0.0077125723,false,0.0138463285,false,0.34540528,false,0.0,false,0.0,0.0,0.0,-0.5757924,-0.6699869,0.47314087,-0.003952833
1620730897070,0.9024612,true,0.23366608,false,0.0077125723,false,0.0138463285,false,0.34540528,false,0.0,false,0.0,0.0,0.0,-0.5757924,-0.6699869,0.47314087,-0.003952833
1620730902073,0.9024612,true,0.23366608,false,0.0077125723,false,0.0138463285,false,0.34540528,false,0.0,false,0.0,0.0,0.0,-0.5757924,-0.6699869,0.47314087,-0.003952833
1620730907076,0.9024612,true,0.23366608,false,0.0077125723,false,0.0138463285,false,0.34540528,false,0.0,false,0.0,0.0,0.0,-0.5757924,-0.6699869,0.47314087,-0.003952833
1620730912082,0.9024612,true,0.23366608,false,0.0077125723,false,0.0138463285,false,0.34540528,false,0.0,false,0.0,0.0,0.0,-0.5757924,-0.6699869,0.47314087,-0.003952833
1620730917085,0.9024612,true,0.23366608,false,0.0077125723,false,0.0138463285,false,0.34540528,false,0.0,false,0.0,0.0,0.0,-0.5757924,-0.6699869,0.47314087,-0.003952833
1620730922087,0.9024612,true,0.23366608,false,0.0077125723,false,0.0138463285,false,0.34540528,false,0.0,false,0.0,0.0,0.0,-0.5757924,-0.6699869,0.47314087,-0.003952833
1620730927098,0.9024612,true,0.23366608,false,0.0077125723,false,0.0138463285,false,0.34540528,false,0.0,false,0.0,0.0,0.0,-0.5757924,-0.6699869,0.47314087,-0.003952833
1620730932102,0.9024612,true,0.23366608,false,0.0077125723,false,0.0138463285,false,0.34540528,false,0.0,false,0.0,0.0,0.0,-0.5757924,-0.6699869,0.47314087,-0.003952833
1620730937105,0.9024612,true,0.23366608,false,0.0077125723,false,0.0138463285,false,0.34540528,false,0.0,false,0.0,0.0,0.0,-0.5757924,-0.6699869,0.47314087,-0.003952833
1620730942108,0.9024612,true,0.23366608,false,0.0077125723,false,0.0138463285,false,0.34540528,false,0.0,false,0.0,0.0,0.0,-0.5757924,-0.6699869,0.47314087,-0.003952833
1620730947111,0.9024612,true,0.23366608,false,0.0077125723,false,0.0138463285,false,0.34540528,false,0.0,false,0.0,0.0,0.0,-0.5757924,-0.6699869,0.47314087,-0.003952833
1620730952118,0.9024612,true,0.23366608,false,0.0077125723,false,0.0138463285,false,0.34540528,false,0.0,false,0.0,0.0,0.0,-0.5757924,-0.6699869,0.47314087,-0.003952833
1620730957122,0.9024612,true,0.23366608,false,0.0077125723,false,0.0138463285,false,0.34540528,false,0.0,false,0.0,0.0,0.0,-0.5757924,-0.6699869,0.47314087,-0.003952833
1620730962125,0.9024612,true,0.23366608,false,0.0077125723,false,0.0138463285,false,0.34540528,false,0.0,false,0.0,0.0,0.0,-0.5757924,-0.6699869,0.47314087,-0.003952833
1620730967128,0.9024612,true,0.23366608,false,0.0077125723,false,0.0138463285,false,0.34540528,false,0.0,false,0.0,0.0,0.0,-0.5757924,-0.6699869,0.47314087,-0.003952833
1620730972131,0.9024612,true,0.23366608,false,0.0077125723,false,0.0138463285,false,0.34540528,false,0.0,false,0.0,0.0,0.0,-0.5757924,-0.6699869,0.47314087,-0.003952833
1620730977135,0.9024612,true,0.23366608,false,0.0077125723,false,0.0138463285,false,0.34540528,false,0.0,false,0.0,0.0,0.0,-0.5757924,-0.6699869,0.47314087,-0.003952833
1620730982138,0.9024612,true,0.23366608,false,0.0077125723,false,0.0138463285,false,0.34540528,false,0.0,false,0.0,0.0,0.0,-0.5757924,-0.6699869,0.47314087,-0.003952833
1620730987141,0.9024612,true,0.23366608,false,0.0077125723,false,0.0138463285,false,0.34540528,false,0.0,false,0.0,0.0,0.0,-0.5757924,-0.6699869,0.47314087,-0.003952833
1620730992148,0.9024612,true,0.23366608,false,0.0077125723,false,0.0138463285,false,0.34540528,false,0.0,false,0.0,0.0,0.0,-0.5757924,-0.6699869,0.47314087,-0.003952833
1620730997153,0.9024612,true,0.23366608,false,0.0077125723,false,0.0138463285,false,0.34540528,false,0.0,false,0.0,0.0,0.0,-0.5757924,-0.6699869,0.47314087,-0.003952833
1620731002156,0.9024612,true,0.23366608,false,0.0077125723,false,0.0138463285,false,0.34540528,false,0.0,false,0.0,0.0,0.0,-0.5757924,-0.6699869,0.47314087,-0.003952833
1620731007159,0.9024612,true,0.23366608,false,0.0077125723,false,0.0138463285,false,0.34540528,false,0.0,false,0.0,0.0,0.0,-0.5757924,-0.6699869,0.47314087,-0.003952833
1620731012162,0.9024612,true,0.23366608,false,0.0077125723,false,0.0138463285,false,0.34540528,false,0.0,false,0.0,0.0,0.0,-0.5757924,-0.6699869,0.47314087,-0.003952833
1620731017166,0.9024612,true,0.23366608,false,0.0077125723,false,0.0138463285,false,0.34540528,false,0.0,false,0.0,0.0,0.0,-0.5757924,-0.6699869,0.47314087,-0.003952833
1620731022169,0.9024612,true,0.23366608,false,0.0077125723,false,0.0138463285,false,0.34540528,false,0.0,false,0.0,0.0,0.0,-0.5757924,-0.6699869,0.47314087,-0.003952833
1620731027184,0.9024612,true,0.23366608,false,0.0077125723,false,0.0138463285,false,0.34540528,false,0.0,false,0.0,0.0,0.0,-0.5757924,-0.6699869,0.47314087,-0.003952833
1620731032187,0.9024612,true,0.23366608,false,0.0077125723,false,0.0138463285,false,0.34540528,false,0.0,false,0.0,0.0,0.0,-0.5757924,-0.6699869,0.47314087,-0.003952833
1620731037195,0.9024612,true,0.23366608,false,0.0077125723,false,0.0138463285,false,0.34540528,false,0.0,false,0.0,0.0,0.0,-0.5757924,-0.6699869,0.47314087,-0.003952833
1620731042198,0.9024612,true,0.23366608,false,0.0077125723,false,0.0138463285,false,0.34540528,false,0.0,false,0.0,0.0,0.0,-0.5757924,-0.6699869,0.47314087,-0.003952833
1620731047203,0.9024612,true,0.23366608,false,0.0077125723,false,0.0138463285,false,0.34540528,false,0.0,false,0.0,0.0,0.0,-0.5757924,-0.6699869,0.47314087,-0.003952833
1620731052207,0.9024612,true,0.23366608,false,0.0077125723,false,0.0138463285,false,0.34540528,false,0.0,false,0.0,0.0,0.0,-0.5757924,-0.6699869,0.47314087,-0.003952833
1620731057212,0.9024612,true,0.23366608,false,0.0077125723,false,0.0138463285,false,0.34540528,false,0.0,false,0.0,0.0,0.0,-0.5757924,-0.6699869,0.47314087,-0.003952833
1620731062222,0.9024612,true,0.23366608,false,0.0077125723,false,0.0138463285,false,0.34540528,false,0.0,false,0.0,0.0,0.0,-0.5757924,-0.6699869,0.47314087,-0.003952833
1620731067225,0.9024612,true,0.23366608,false,0.0077125723,false,0.0138463285,false,0.34540528,false,0.0,false,0.0,0.0,0.0,-0.5757924,-0.6699869,0.47314087,-0.003952833
1620731072228,0.9024612,true,0.23366608,false,0.0077125723,false,0.0138463285,false,0.34540528,false,0.0,false,0.0,0.0,0.0,-0.5757924,-0.6699869,0.47314087,-0.003952833
1620731077233,0.9024612,true,0.23366608,false,0.0077125723,false,0.0138463285,false,0.34540528,false,0.0,false,0.0,0.0,0.0,-0.5757924,-0.6699869,0.47314087,-0.003952833
1620731082237,0.9024612,true,0.23366608,false,0.0077125723,false,0.0138463285,false,0.34540528,false,0.0,false,0.0,0.0,0.0,-0.5757924,-0.6699869,0.47314087,-0.003952833
1620731087242,0.9024612,true,0.23366608,false,0.0077125723,false,0.0138463285,false,0.34540528,false,0.0,false,0.0,0.0,0.0,-0.5757924,-0.6699869,0.47314087,-0.003952833
1620731092244,0.9024612,true,0.23366608,false,0.0077125723,false,0.0138463285,false,0.34540528,false,0.0,false,0.0,0.0,0.0,-0.5757924,-0.6699869,0.47314087,-0.003952833
1620731097247,0.9024612,true,0.23366608,false,0.0077125723,false,0.0138463285,false,0.34540528,false,0.0,false,0.0,0.0,0.0,-0.5757924,-0.6699869,0.47314087,-0.003952833
1620731102250,0.9024612,true,0.23366608,false,0.0077125723,false,0.0138463285,false,0.34540528,false,0.0,false,0.0,0.0,0.0,-0.5757924,-0.6699869,0.47314087,-0.003952833
1620731107253,0.9024612,true,0.23366608,false,0.0077125723,false,0.0138463285,false,0.34540528,false,0.0,false,0.0,0.0,0.0,-0.5757924,-0.6699869,0.47314087,-0.003952833
1620731112256,0.9024612,true,0.23366608,false,0.0077125723,false,0.0138463285,false,0.34540528,false,0.0,false,0.0,0.0,0.0,-0.5757924,-0.6699869,0.47314087,-0.003952833
1620731117258,0.9024612,true,0.23366608,false,0.0077125723,false,0.0138463285,false,0.34540528,false,0.0,false,0.0,0.0,0.0,-0.5757924,-0.6699869,0.47314087,-0.003952833
1620731122261,0.9024612,true,0.23366608,false,0.0077125723,false,0.0138463285,false,0.34540528,false,0.0,false,0.0,0.0,0.0,-0.5757924,-0.6699869,0.47314087,-0.003952833
1620731127264,0.9024612,true,0.23366608,false,0.0077125723,false,0.0138463285,false,0.34540528,false,0.0,false,0.0,0.0,0.0,-0.5757924,-0.6699869,0.47314087,-0.003952833
1620731132267,0.9024612,true,0.23366608,false,0.0077125723,false,0.0138463285,false,0.34540528,false,0.0,false,0.0,0.0,0.0,-0.5757924,-0.6699869,0.47314087,-0.003952833
1620731137272,0.9024612,true,0.23366608,false,0.0077125723,false,0.0138463285,false,0.34540528,false,0.0,false,0.0,0.0,0.0,-0.5757924,-0.6699869,0.47314087,-0.003952833
1620731142278,0.9024612,true,0.23366608,false,0.0077125723,false,0.0138463285,false,0.34540528,false,0.0,false,0.0,0.0,0.0,-0.5757924,-0.6699869,0.47314087,-0.003952833
1620731147283,0.9024612,true,0.23366608,false,0.0077125723,false,0.0138463285,false,0.34540528,false,0.0,false,0.0,0.0,0.0,-0.5757924,-0.6699869,0.47314087,-0.003952833
1620731152286,0.9024612,true,0.23366608,false,0.0077125723,false,0.0138463285,false,0.34540528,false,0.0,false,0.0,0.0,0.0,-0.5757924,-0.6699869,0.47314087,-0.003952833
1620731157288,0.9024612,true,0.23366608,false,0.0077125723,false,0.0138463285,false,0.34540528,false,0.0,false,0.0,0.0,0.0,-0.5757924,-0.6699869,0.47314087,-0.003952833
1620731162291,0.9024612,true,0.23366608,false,0.0077125723,false,0.0138463285,false,0.34540528,false,0.0,false,0.0,0.0,0.0,-0.5757924,-0.6699869,0.47314087,-0.003952833
1620731167294,0.9024612,true,0.23366608,false,0.0077125723,false,0.0138463285,false,0.34540528,false,0.0,false,0.0,0.0,0.0,-0.5757924,-0.6699869,0.47314087,-0.003952833
1620731172296,0.9024612,true,0.23366608,false,0.0077125723,false,0.0138463285,false,0.34540528,false,0.0,false,0.0,0.0,0.0,-0.5757924,-0.6699869,0.47314087,-0.003952833
1620731177299,0.9024612,true,0.23366608,false,0.0077125723,false,0.0138463285,false,0.34540528,false,0.0,false,0.0,0.0,0.0,-0.5757924,-0.6699869,0.47314087,-0.003952833
1620731182302,0.9024612,true,0.23366608,false,0.0077125723,false,0.0138463285,false,0.34540528,false,0.0,false,0.0,0.0,0.0,-0.5757924,-0.6699869,0.47314087,-0.003952833
1620731187309,0.9024612,true,0.23366608,false,0.0077125723,false,0.0138463285,false,0.34540528,false,0.0,false,0.0,0.0,0.0,-0.5757924,-0.6699869,0.47314087,-0.003952833
1620731192313,0.9024612,true,0.23366608,false,0.0077125723,false,0.0138463285,false,0.34540528,false,0.0,false,0.0,0.0,0.0,-0.5757924,-0.6699869,0.47314087,-0.003952833
1620731197315,0.9024612,true,0.23366608,false,0.0077125723,false,0.0138463285,false,0.34540528,false,0.0,false,0.0,0.0,0.0,-0.5757924,-0.6699869,0.47314087,-0.003952833
1620731202319,0.9024612,true,0.23366608,false,0.0077125723,false,0.0138463285,false,0.34540528,false,0.0,false,0.0,0.0,0.0,-0.5757924,-0.6699869,0.47314087,-0.003952833
1620731207337,0.9024612,true,0.23366608,false,0.0077125723,false,0.0138463285,false,0.34540528,false,0.0,false,0.0,0.0,0.0,-0.5757924,-0.6699869,0.47314087,-0.003952833
1620731212340,0.9024612,true,0.23366608,false,0.0077125723,false,0.0138463285,false,0.34540528,false,0.0,false,0.0,0.0,0.0,-0.5757924,-0.6699869,0.47314087,-0.003952833
1620731217343,0.9024612,true,0.23366608,false,0.0077125723,false,0.0138463285,false,0.34540528,false,0.0,false,0.0,0.0,0.0,-0.5757924,-0.6699869,0.47314087,-0.003952833
1620731222345,0.9024612,true,0.23366608,false,0.0077125723,false,0.0138463285,false,0.34540528,false,0.0,false,0.0,0.0,0.0,-0.5757924,-0.6699869,0.47314087,-0.003952833
1620731227350,0.9024612,true,0.23366608,false,0.0077125723,false,0.0138463285,false,0.34540528,false,0.0,false,0.0,0.0,0.0,-0.5757924,-0.6699869,0.47314087,-0.003952833
1620731232353,0.9024612,true,0.23366608,false,0.0077125723,false,0.0138463285,false,0.34540528,false,0.0,false,0.0,0.0,0.0,-0.5757924,-0.6699869,0.47314087,-0.003952833
1620731237356,0.9024612,true,0.23366608,false,0.0077125723,false,0.0138463285,false,0.34540528,false,0.0,false,0.0,0.0,0.0,-0.5757924,-0.6699869,0.47314087,-0.003952833
1620731242359,0.9024612,true,0.23366608,false,0.0077125723,false,0.0138463285,false,0.34540528,false,0.0,false,0.0,0.0,0.0,-0.5757924,-0.6699869,0.47314087,-0.003952833
1620731247361,0.9024612,true,0.23366608,false,0.0077125723,false,0.0138463285,false,0.34540528,false,0.0,false,0.0,0.0,0.0,-0.5757924,-0.6699869,0.47314087,-0.003952833
1620731252364,0.9024612,true,0.23366608,false,0.0077125723,false,0.0138463285,false,0.34540528,false,0.0,false,0.0,0.0,0.0,-0.5757924,-0.6699869,0.47314087,-0.003952833
1620731257367,0.9024612,true,0.23366608,false,0.0077125723,false,0.0138463285,false,0.34540528,false,0.0,false,0.0,0.0,0.0,-0.5757924,-0.6699869,0.47314087,-0.003952833
1620731262369,0.9024612,true,0.23366608,false,0.0077125723,false,0.0138463285,false,0.34540528,false,0.0,false,0.0,0.0,0.0,-0.5757924,-0.6699869,0.47314087,-0.003952833
1620731267372,0.9024612,true,0.23366608,false,0.0077125723,false,0.0138463285,false,0.34540528,false,0.0,false,0.0,0.0,0.0,-0.5757924,-0.6699869,0.47314087,-0.003952833
1620731272375,0.9024612,true,0.23366608,false,0.0077125723,false,0.0138463285,false,0.34540528,false,0.0,false,0.0,0.0,0.0,-0.5757924,-0.6699869,0.47314087,-0.003952833
1620731277378,0.9024612,true,0.23366608,false,0.0077125723,false,0.0138463285,false,0.34540528,false,0.0,false,0.0,0.0,0.0,-0.5757924,-0.6699869,0.47314087,-0.003952833
1620731282382,0.9024612,true,0.23366608,false,0.0077125723,false,0.0138463285,false,0.34540528,false,0.0,false,0.0,0.0,0.0,-0.5757924,-0.6699869,0.47314087,-0.003952833
1620731287389,0.9024612,true,0.23366608,false,0.0077125723,false,0.0138463285,false,0.34540528,false,0.0,false,0.0,0.0,0.0,-0.5757924,-0.6699869,0.47314087,-0.003952833
1620731292393,0.9024612,true,0.23366608,false,0.0077125723,false,0.0138463285,false,0.34540528,false,0.0,false,0.0,0.0,0.0,-0.5757924,-0.6699869,0.47314087,-0.003952833
1620731297395,0.9024612,true,0.23366608,false,0.0077125723,false,0.0138463285,false,0.34540528,false,0.0,false,0.0,0.0,0.0,-0.5757924,-0.6699869,0.47314087,-0.003952833
1620731302398,0.9024612,true,0.23366608,false,0.0077125723,false,0.0138463285,false,0.34540528,false,0.0,false,0.0,0.0,0.0,-0.5757924,-0.6699869,0.47314087,-0.003952833
1620731307401,0.9024612,true,0.23366608,false,0.0077125723,false,0.0138463285,false,0.34540528,false,0.0,false,0.0,0.0,0.0,-0.5757924,-0.6699869,0.47314087,-0.003952833
1620731312404,0.9024612,true,0.23366608,false,0.0077125723,false,0.0138463285,false,0.34540528,false,0.0,false,0.0,0.0,0.0,-0.5757924,-0.6699869,0.47314087,-0.003952833
1620731317406,0.9024612,true,0.23366608,false,0.0077125723,false,0.0138463285,false,0.34540528,false,0.0,false,0.0,0.0,0.0,-0.5757924,-0.6699869,0.47314087,-0.003952833
1620731322409,0.9024612,true,0.23366608,false,0.0077125723,false,0.0138463285,false,0.34540528,false,0.0,false,0.0,0.0,0.0,-0.5757924,-0.6699869,0.47314087,-0.003952833
1620731327412,0.9024612,true,0.23366608,false,0.0077125723,false,0.0138463285,false,0.34540528,false,0.0,false,0.0,0.0,0.0,-0.5757924,-0.6699869,0.47314087,-0.003952833
1620731332415,0.9024612,true,0.23366608,false,0.0077125723,false,0.0138463285,false,0.34540528,false,0.0,false,0.0,0.0,0.0,-0.5757924,-0.6699869,0.47314087,-0.003952833
1620731337417,0.9024612,true,0.23366608,false,0.0077125723,false,0.0138463285,false,0.34540528,false,0.0,false,0.0,0.0,0.0,-0.5757924,-0.6699869,0.47314087,-0.003952833
1620731342422,0.9024612,true,0.23366608,false,0.0077125723,false,0.0138463285,false,0.34540528,false,0.0,false,0.0,0.0,0.0,-0.5757924,-0.6699869,0.47314087,-0.003952833
1620731347424,0.9024612,true,0.23366608,false,0.0077125723,false,0.0138463285,false,0.34540528,false,0.0,false,0.0,0.0,0.0,-0.5757924,-0.6699869,0.47314087,-0.003952833
1620731352427,0.9024612,true,0.23366608,false,0.0077125723,false,0.0138463285,false,0.34540528,false,0.0,false,0.0,0.0,0.0,-0.5757924,-0.6699869,0.47314087,-0.003952833
1620731357433,0.9024612,true,0.23366608,false,0.0077125723,false,0.0138463285,false,0.34540528,false,0.0,false,0.0,0.0,0.0,-0.5757924,-0.6699869,0.47314087,-0.003952833
1620731362435,0.9024612,true,0.23366608,false,0.0077125723,false,0.0138463285,false,0.34540528,false,0.0,false,0.0,0.0,0.0,-0.5757924,-0.6699869,0.47314087,-0.003952833
1620731367438,0.9024612,true,0.23366608,false,0.0077125723,false,0.0138463285,false,0.34540528,false,0.0,false,0.0,0.0,0.0,-0.5757924,-0.6699869,0.47314087,-0.003952833
1620731372441,0.9024612,true,0.23366608,false,0.0077125723,false,0.0138463285,false,0.34540528,false,0.0,false,0.0,0.0,0.0,-0.5757924,-0.6699869,0.47314087,-0.003952833
1620731377443,0.9024612,true,0.23366608,false,0.0077125723,false,0.0138463285,false,0.34540528,false,0.0,false,0.0,0.0,0.0,-0.5757924,-0.6699869,0.47314087,-0.003952833
1620731382446,0.9024612,true,0.23366608,false,0.0077125723,false,0.0138463285,false,0.34540528,false,0.0,false,0.0,0.0,0.0,-0.5757924,-0.6699869,0.47314087,-0.003952833
1620731387453,0.9024612,true,0.23366608,false,0.0077125723,false,0.0138463285,false,0.34540528,false,0.0,false,0.0,0.0,0.0,-0.5757924,-0.6699869,0.47314087,-0.003952833
1620731392456,0.9024612,true,0.23366608,false,0.0077125723,false,0.0138463285,false,0.34540528,false,0.0,false,0.0,0.0,0.0,-0.5757924,-0.6699869,0.47314087,-0.003952833
1620731397458,0.9024612,true,0.23366608,false,0.0077125723,false,0.0138463285,false,0.34540528,false,0.0,false,0.0,0.0,0.0,-0.5757924,-0.6699869,0.47314087,-0.003952833
1620731402461,0.9024612,true,0.23366608,false,0.0077125723,false,0.0138463285,false,0.34540528,false,0.0,false,0.0,0.0,0.0,-0.5757924,-0.6699869,0.47314087,-0.003952833
1620731407464,0.9024612,true,0.23366608,false,0.0077125723,false,0.0138463285,false,0.34540528,false,0.0,false,0.0,0.0,0.0,-0.5757924,-0.6699869,0.47314087,-0.003952833
1620731412466,0.9024612,true,0.23366608,false,0.0077125723,false,0.0138463285,false,0.34540528,false,0.0,false,0.0,0.0,0.0,-0.5757924,-0.6699869,0.47314087,-0.003952833
1620731417469,0.9024612,true,0.23366608,false,0.0077125723,false,0.0138463285,false,0.34540528,false,0.0,false,0.0,0.0,0.0,-0.5757924,-0.6699869,0.47314087,-0.003952833
1620731422472,0.9024612,true,0.23366608,false,0.0077125723,false,0.0138463285,false,0.34540528,false,0.0,false,0.0,0.0,0.0,-0.5757924,-0.6699869,0.47314087,-0.003952833
1620731427475,0.9024612,true,0.23366608,false,0.0077125723,false,0.0138463285,false,0.34540528,false,0.0,false,0.0,0.0,0.0,-0.5757924,-0.6699869,0.47314087,-0.003952833
1620731432478,0.9024612,true,0.23366608,false,0.0077125723,false,0.0138463285,false,0.34540528,false,0.0,false,0.0,0.0,0.0,-0.5757924,-0.6699869,0.47314087,-0.003952833
1620731437482,0.9024612,true,0.23366608,false,0.0077125723,false,0.0138463285,false,0.34540528,false,0.0,false,0.0,0.0,0.0,-0.5757924,-0.6699869,0.47314087,-0.003952833
1620731442485,0.9024612,true,0.23366608,false,0.0077125723,false,0.0138463285,false,0.34540528,false,0.0,false,0.0,0.0,0.0,-0.5757924,-0.6699869,0.47314087,-0.003952833
1620731447487,0.9024612,true,0.23366608,false,0.0077125723,false,0.0138463285,false,0.34540528,false,0.0,false,0.0,0.0,0.0,-0.5757924,-0.6699869,0.47314087,-0.003952833
1620731452490,0.9024612,true,0.23366608,false,0.0077125723,false,0.0138463285,false,0.34540528,false,0.0,false,0.0,0.0,0.0,-0.5757924,-0.6699869,0.47314087,-0.003952833
1620731457493,0.9024612,true,0.23366608,false,0.0077125723,false,0.0138463285,false,0.34540528,false,0.0,false,0.0,0.0,0.0,-0.5757924,-0.6699869,0.47314087,-0.003952833
1620731462496,0.9024612,true,0.23366608,false,0.0077125723,false,0.0138463285,false,0.34540528,false,0.0,false,0.0,0.0,0.0,-0.5757924,-0.6699869,0.47314087,-0.003952833
1620731467498,0.9024612,true,0.23366608,false,0.0077125723,false,0.0138463285,false,0.34540528,false,0.0,false,0.0,0.0,0.0,-0.5757924,-0.6699869,0.47314087,-0.003952833
1620731472501,0.9024612,true,0.23366608,false,0.0077125723,false,0.0138463285,false,0.34540528,false,0.0,false,0.0,0.0,0.0,-0.5757924,-0.6699869,0.47314087,-0.003952833
1620731477504,0.9024612,true,0.23366608,false,0.0077125723,false,0.0138463285,false,0.34540528,false,0.0,false,0.0,0.0,0.0,-0.5757924,-0.6699869,0.47314087,-0.003952833
1620731482506,0.9024612,true,0.23366608,false,0.0077125723,false,0.0138463285,false,0.34540528,false,0.0,false,0.0,0.0,0.0,-0.5757924,-0.6699869,0.47314087,-0.003952833
1620731487509,0.9024612,true,0.23366608,false,0.0077125723,false,0.0138463285,false,0.34540528,false,0.0,false,0.0,0.0,0.0,-0.5757924,-0.6699869,0.47314087,-0.003952833
1620731492512,0.9024612,true,0.23366608,false,0.0077125723,false,0.0138463285,false,0.34540528,false,0.0,false,0.0,0.0,0.0,-0.5757924,-0.6699869,0.47314087,-0.003952833
1620731497515,0.9024612,true,0.23366608,false,0.0077125723,false,0.0138463285,false,0.34540528,false,0.0,false,0.0,0.0,0.0,-0.5757924,-0.6699869,0.47314087,-0.003952833
1620731502518,0.9024612,true,0.23366608,false,0.0077125723,false,0.0138463285,false,0.34540528,false,0.0,false,0.0,0.0,0.0,-0.5757924,-0.6699869,0.47314087,-0.003952833
1620731507521,0.9024612,true,0.23366608,false,0.0077125723,false,0.0138463285,false,0.34540528,false,0.0,false,0.0,0.0,0.0,-0.5757924,-0.6699869,0.47314087,-0.003952833
1620731512531,0.9024612,true,0.23366608,false,0.0077125723,false,0.0138463285,false,0.34540528,false,0.0,false,0.0,0.0,0.0,-0.5757924,-0.6699869,0.47314087,-0.003952833
1620731517533,0.9024612,true,0.23366608,false,0.0077125723,false,0.0138463285,false,0.34540528,false,0.0,false,0.0,0.0,0.0,-0.5757924,-0.6699869,0.47314087,-0.003952833
1620731522536,0.9024612,true,0.23366608,false,0.0077125723,false,0.0138463285,false,0.34540528,false,0.0,false,0.0,0.0,0.0,-0.5757924,-0.6699869,0.47314087,-0.003952833
1620731527539,0.9024612,true,0.23366608,false,0.0077125723,false,0.0138463285,false,0.34540528,false,0.0,false,0.0,0.0,0.0,-0.5757924,-0.6699869,0.47314087,-0.003952833
1620731532543,0.9024612,true,0.23366608,false,0.0077125723,false,0.0138463285,false,0.34540528,false,0.0,false,0.0,0.0,0.0,-0.5757924,-0.6699869,0.47314087,-0.003952833
1620731537546,0.9024612,true,0.23366608,false,0.0077125723,false,0.0138463285,false,0.34540528,false,0.0,false,0.0,0.0,0.0,-0.5757924,-0.6699869,0.47314087,-0.003952833
1620731542549,0.9024612,true,0.23366608,false,0.0077125723,false,0.0138463285,false,0.34540528,false,0.0,false,0.0,0.0,0.0,-0.5757924,-0.6699869,0.47314087,-0.003952833
1620731547552,0.9024612,true,0.23366608,false,0.0077125723,false,0.0138463285,false,0.34540528,false,0.0,false,0.0,0.0,0.0,-0.5757924,-0.6699869,0.47314087,-0.003952833
1620731552555,0.9024612,true,0.23366608,false,0.0077125723,false,0.0138463285,false,0.34540528,false,0.0,false,0.0,0.0,0.0,-0.5757924,-0.6699869,0.47314087,-0.003952833
1620731557558,0.9024612,true,0.23366608,false,0.0077125723,false,0.0138463285,false,0.34540528,false,0.0,false,0.0,0.0,0.0,-0.5757924,-0.6699869,0.47314087,-0.003952833
1620731562561,0.9024612,true,0.23366608,false,0.0077125723,false,0.0138463285,false,0.34540528,false,0.0,false,0.0,0.0,0.0,-0.5757924,-0.6699869,0.47314087,-0.003952833
1620731567564,0.9024612,true,0.23366608,false,0.0077125723,false,0.0138463285,false,0.34540528,false,0.0,false,0.0,0.0,0.0,-0.5757924,-0.6699869,0.47314087,-0.003952833
1620731572567,0.9024612,true,0.23366608,false,0.0077125723,false,0.0138463285,false,0.34540528,false,0.0,false,0.0,0.0,0.0,-0.5757924,-0.6699869,0.47314087,-0.003952833
1620731577569,0.9024612,true,0.23366608,false,0.0077125723,false,0.0138463285,false,0.34540528,false,0.0,false,0.0,0.0,0.0,-0.5757924,-0.6699869,0.47314087,-0.003952833
1620731582574,0.9024612,true,0.23366608,false,0.0077125723,false,0.0138463285,false,0.34540528,false,0.0,false,0.0,0.0,0.0,-0.5757924,-0.6699869,0.47314087,-0.003952833
1620731587581,0.9024612,true,0.23366608,false,0.0077125723,false,0.0138463285,false,0.34540528,false,0.0,false,0.0,0.0,0.0,-0.5757924,-0.6699869,0.47314087,-0.003952833
1620731592584,0.9024612,true,0.23366608,false,0.0077125723,false,0.0138463285,false,0.34540528,false,0.0,false,0.0,0.0,0.0,-0.5757924,-0.6699869,0.47314087,-0.003952833
1620731597587,0.9024612,true,0.23366608,false,0.0077125723,false,0.0138463285,false,0.34540528,false,0.0,false,0.0,0.0,0.0,-0.5757924,-0.6699869,0.47314087,-0.003952833
1620731602594,0.9024612,true,0.23366608,false,0.0077125723,false,0.0138463285,false,0.34540528,false,0.0,false,0.0,0.0,0.0,-0.5757924,-0.6699869,0.47314087,-0.003952833
1620731607596,0.9024612,true,0.23366608,false,0.0077125723,false,0.0138463285,false,0.34540528,false,0.0,false,0.0,0.0,0.0,-0.5757924,-0.6699869,0.47314087,-0.003952833
1620731612606,0.9024612,true,0.23366608,false,0.0077125723,false,0.0138463285,false,0.34540528,false,0.0,false,0.0,0.0,0.0,-0.5757924,-0.6699869,0.47314087,-0.003952833
1620731617609,0.9024612,true,0.23366608,false,0.0077125723,false,0.0138463285,false,0.34540528,false,0.0,false,0.0,0.0,0.0,-0.5757924,-0.6699869,0.47314087,-0.003952833
1620731622612,0.9024612,true,0.23366608,false,0.0077125723,false,0.0138463285,false,0.34540528,false,0.0,false,0.0,0.0,0.0,-0.5757924,-0.6699869,0.47314087,-0.003952833
1620731627615,0.9024612,true,0.23366608,false,0.0077125723,false,0.0138463285,false,0.34540528,false,0.0,false,0.0,0.0,0.0,-0.5757924,-0.6699869,0.47314087,-0.003952833
1620731632618,0.9024612,true,0.23366608,false,0.0077125723,false,0.0138463285,false,0.34540528,false,0.0,false,0.0,0.0,0.0,-0.5757924,-0.6699869,0.47314087,-0.003952833
1620731637623,0.9024612,true,0.23366608,false,0.0077125723,false,0.0138463285,false,0.34540528,false,0.0,false,0.0,0.0,0.0,-0.5757924,-0.6699869,0.47314087,-0.003952833
1620731642625,0.9024612,true,0.23366608,false,0.0077125723,false,0.0138463285,false,0.34540528,false,0.0,false,0.0,0.0,0.0,-0.5757924,-0.6699869,0.47314087,-0.003952833
1620731647628,0.9024612,true,0.23366608,false,0.0077125723,false,0.0138463285,false,0.34540528,false,0.0,false,0.0,0.0,0.0,-0.5757924,-0.6699869,0.47314087,-0.003952833
1620731652631,0.9024612,true,0.23366608,false,0.0077125723,false,0.0138463285,false,0.34540528,false,0.0,false,0.0,0.0,0.0,-0.5757924,-0.6699869,0.47314087,-0.003952833
1620731657634,0.9024612,true,0.23366608,false,0.0077125723,false,0.0138463285,false,0.34540528,false,0.0,false,0.0,0.0,0.0,-0.5757924,-0.6699869,0.47314087,-0.003952833
1620731662636,0.9024612,true,0.23366608,false,0.0077125723,false,0.0138463285,false,0.34540528,false,0.0,false,0.0,0.0,0.0,-0.5757924,-0.6699869,0.47314087,-0.003952833
1620731667639,0.9024612,true,0.23366608,false,0.0077125723,false,0.0138463285,false,0.34540528,false,0.0,false,0.0,0.0,0.0,-0.5757924,-0.6699869,0.47314087,-0.003952833
1620731672643,0.9024612,true,0.23366608,false,0.0077125723,false,0.0138463285,false,0.34540528,false,0.0,false,0.0,0.0,0.0,-0.5757924,-0.6699869,0.47314087,-0.003952833
1620731677645,0.9024612,true,0.23366608,false,0.0077125723,false,0.0138463285,false,0.34540528,false,0.0,false,0.0,0.0,0.0,-0.5757924,-0.6699869,0.47314087,-0.003952833
1620731682649,0.9024612,true,0.23366608,false,0.0077125723,false,0.0138463285,false,0.34540528,false,0.0,false,0.0,0.0,0.0,-0.5757924,-0.6699869,0.47314087,-0.003952833
1620731687653,0.9024612,true,0.23366608,false,0.0077125723,false,0.0138463285,false,0.34540528,false,0.0,false,0.0,0.0,0.0,-0.5757924,-0.6699869,0.47314087,-0.003952833
1620731692656,0.9024612,true,0.23366608,false,0.0077125723,false,0.0138463285,false,0.34540528,false,0.0,false,0.0,0.0,0.0,-0.5757924,-0.6699869,0.47314087,-0.003952833
1620731697659,0.9024612,true,0.23366608,false,0.0077125723,false,0.0138463285,false,0.34540528,false,0.0,false,0.0,0.0,0.0,-0.5757924,-0.6699869,0.47314087,-0.003952833
1620731702662,0.9024612,true,0.23366608,false,0.0077125723,false,0.0138463285,false,0.34540528,false,0.0,false,0.0,0.0,0.0,-0.5757924,-0.6699869,0.47314087,-0.003952833
1620731707665,0.9024612,true,0.23366608,false,0.0077125723,false,0.0138463285,false,0.34540528,false,0.0,false,0.0,0.0,0.0,-0.5757924,-0.6699869,0.47314087,-0.003952833
1620731712667,0.9024612,true,0.23366608,false,0.0077125723,false,0.0138463285,false,0.34540528,false,0.0,false,0.0,0.0,0.0,-0.5757924,-0.6699869,0.47314087,-0.003952833
1620731717671,0.9024612,true,0.23366608,false,0.0077125723,false,0.0138463285,false,0.34540528,false,0.0,false,0.0,0.0,0.0,-0.5757924,-0.6699869,0.47314087,-0.003952833
1620731722674,0.9024612,true,0.23366608,false,0.0077125723,false,0.0138463285,false,0.34540528,false,0.0,false,0.0,0.0,0.0,-0.5757924,-0.6699869,0.47314087,-0.003952833
1620731727681,0.9024612,true,0.23366608,false,0.0077125723,false,0.0138463285,false,0.34540528,false,0.0,false,0.0,0.0,0.0,-0.5757924,-0.6699869,0.47314087,-0.003952833
1620731732683,0.9024612,true,0.23366608,false,0.0077125723,false,0.0138463285,false,0.34540528,false,0.0,false,0.0,0.0,0.0,-0.5757924,-0.6699869,0.47314087,-0.003952833
1620731737686,0.9024612,true,0.23366608,false,0.0077125723,false,0.0138463285,false,0.34540528,false,0.0,false,0.0,0.0,0.0,-0.5757924,-0.6699869,0.47314087,-0.003952833
